20.609465,-48.026154,62.43692,-112.894875,74.21182,14.954058,0.70102644,-73.3167,-25.633688,77.83337,52.557644,93.34653,-35.436356,55.697067,-28.521149,100.19618,66.41784,62.876907,44.207703,37.50785,24.359726,-43.96658,19.86299,-137.76927,-12.485048,-74.933655,-8.932118,22.622356,52.235615,22.541718,-35.006588,28.235538,-102.06194,94.005646,-59.23288,-22.465397,25.257862,-21.661476,54.818325,-31.412895,-63.380035,107.26982,8.887384,-1.6460843,49.853638,61.201824,106.48932,-22.6194,-85.37446,-1.2171984,20.51324,37.490807,2.5587294,-28.030884,-19.10569,8.653879,115.91889,-20.751953,-62.68002,-58.88186,-9.401139,4.790292,9.945629,-33.736008,-35.242146,44.885418,80.93538,-39.463104,-18.6692,28.777267,3.4769778,13.342267,67.5992,-87.64663,27.817728,-14.635196,-106.71434,47.931213,-74.53319,-100.824425,55.44732,48.31723,-4.682527,43.74856,111.06092,89.849945,-16.04739,25.244125,165.23578,111.6741,-15.988472,73.67739,27.627123,30.308592,52.793446,-22.14375,-32.672226,26.579252,-41.088184,40.515522,-1.0
2.1788445,-24.641968,32.450024,-55.481037,42.69078,-1.095531,8.030493,-53.16128,-29.636175,36.607384,31.60687,38.57168,-24.307951,22.825521,-17.206436,54.964314,27.697355,44.22101,13.817776,22.506079,9.658221,-23.389969,20.93376,-72.9034,4.8195662,-33.35882,0.7126584,12.709525,24.449688,6.4882216,-22.45167,9.24054,-42.293846,39.213875,-32.451717,-12.590214,9.572966,-11.708069,30.870537,-20.926159,-37.168823,45.262558,-0.8763554,-8.808787,21.676052,37.970512,45.51796,-9.948412,-44.06568,0.38730213,12.398513,31.840334,-15.776127,-15.72803,-7.199063,6.0607276,58.218292,-7.2098193,-46.1112,-30.300037,0.4705456,4.417921,6.536117,-6.7829137,-16.787348,19.974201,39.023354,-15.724586,-11.279504,14.055077,-7.0299773,-2.7249424,27.61108,-43.046494,21.097855,-1.2428834,-50.093094,23.672623,-34.28221,-50.69562,21.444183,20.095406,-14.723698,26.307262,51.54434,40.133602,-17.206135,13.367195,75.184296,58.297047,-6.623641,49.70554,12.827875,11.628862,40.38446,-8.116011,-21.75642,21.398949,-7.818054,28.807076,-1.0
12.07153,-25.822475,46.035217,-77.894966,35.92367,-3.2677379,1.5660992,-59.731094,-3.7049649,64.71841,41.8613,58.098385,-25.261957,46.54646,-21.243887,73.52891,23.981335,53.173782,36.68909,29.22385,0.30549422,-13.683692,10.351426,-91.44343,-5.798233,-40.855633,-6.6719007,6.615991,44.39203,14.50965,-15.615363,19.964422,-59.705917,54.782623,-41.40289,-9.3452,7.3071084,3.9541287,32.726376,-26.799248,-45.59136,62.62212,-4.2699137,-2.5059867,38.803333,47.25736,67.06836,0.1297999,-61.151146,-5.753276,19.715431,16.372559,1.6042446,-29.942167,-14.205304,1.0329095,78.155174,1.1132343,-59.751846,-33.43087,-20.929462,7.432609,-7.6801085,-24.706753,-12.644858,28.259811,59.12993,-11.036225,-12.675392,21.898893,8.236433,5.4874477,36.420685,-71.17044,21.381226,-7.5610337,-69.39968,34.455696,-43.638176,-57.870193,56.5276,34.646,-2.1932912,44.679283,71.07299,59.481907,-17.145605,16.672535,106.904465,72.36804,-15.451908,52.64478,6.2779174,9.429774,27.72544,-22.111391,-26.532476,11.664147,-22.491734,26.78152,-1.0
2.1975737,-9.489577,23.075172,-31.352854,19.870152,-0.46196282,-1.1929873,-29.252535,-14.356724,30.713951,17.002207,34.13453,-8.661289,16.457943,-3.2849343,29.060827,16.572302,23.714249,15.804714,13.039829,7.868325,-12.29927,4.855897,-47.468273,-3.879304,-25.071905,-0.19329235,-6.6127114,17.91666,8.529538,-16.962814,15.5575485,-33.693916,20.748974,-14.215226,-12.08655,16.583916,-3.8283565,11.183373,-15.103166,-21.50091,29.884424,-0.9250369,-6.673743,11.261105,18.37497,30.407299,-10.7146225,-27.40666,-7.4298487,9.991402,14.551348,-6.8066607,-13.1661825,-8.034054,7.6213655,41.006138,-2.3968277,-26.275425,-22.80945,-8.169007,-0.9872775,1.8790333,-14.137835,-6.6006646,14.446529,18.790884,-14.01052,4.1526437,5.037239,-0.15710843,-4.367891,12.028975,-27.826971,12.485813,0.2976482,-33.10942,11.893208,-18.922533,-31.702763,13.898664,12.736064,-1.9188116,9.1016,32.62594,22.641348,0.036324903,9.486032,42.959965,34.020008,-13.478177,29.228907,11.623445,6.0120482,14.035856,-6.957698,-2.5351644,3.3734632,-0.4972087,15.790625,-1.0
2.5281649,-55.07512,70.02896,-121.19676,100.91154,1.946042,13.447686,-111.88115,-43.01981,113.706635,86.18189,105.53705,-46.75399,63.655403,-30.350393,112.63452,50.931633,107.8455,43.14014,42.02718,35.426125,-35.597233,48.028553,-170.5517,-16.16767,-96.05477,-0.9529456,37.14334,53.76749,18.084452,-44.543568,43.183105,-100.75417,80.30649,-58.42505,-25.396952,32.83864,-30.921091,57.26529,-41.534256,-89.78187,117.95,-3.4967856,-37.182976,39.588337,92.76083,93.89527,-18.884844,-105.3596,-6.8951206,17.80562,29.672504,-15.974237,-23.603785,-10.014949,9.205015,126.99778,-25.60826,-108.53784,-83.643684,-24.15575,12.212317,1.5224597,-64.77467,-50.260128,72.74275,86.67467,-38.647205,-15.619299,34.403683,-4.7944565,-16.42441,84.221405,-86.54749,37.09843,-3.1907747,-120.181786,44.59491,-85.50315,-116.89291,75.36663,53.24803,-9.737101,65.50348,121.273224,101.929184,-23.82509,42.215958,177.35515,110.0819,-25.94938,112.30312,42.465557,26.406109,64.60147,-10.979946,-56.93295,29.304007,-23.729427,56.96041,-1.0
11.757252,-15.334979,25.249226,-41.13637,21.402382,-6.5450563,1.0976162,-40.70172,-9.473317,31.593182,26.64706,36.387165,-9.601011,24.883589,-20.886854,37.59531,17.114334,20.964409,18.774254,20.909164,7.9029803,-21.667654,5.6689653,-48.839573,-5.312228,-30.125263,1.0095354,5.9476166,22.689888,8.976828,-19.132215,12.030707,-35.197258,28.648869,-18.01276,-10.062133,2.3638022,-3.3836758,16.869932,-18.54376,-26.182467,27.982862,-0.16132684,1.9071808,22.95976,26.61318,35.751595,-2.9921875,-32.301353,2.851476,12.227275,5.789633,-3.7223592,-11.999496,-5.102093,5.6727715,42.667355,1.0265362,-33.19308,-20.672083,-11.033542,0.29724622,-1.5587269,-8.790677,-4.409515,11.704168,32.651443,-6.9006934,-10.845711,10.426989,4.9946203,5.673325,15.45651,-36.387196,11.378173,-6.432177,-36.51288,16.992159,-25.535803,-34.523804,19.832096,14.611782,-0.13744721,23.868061,42.548607,24.31553,-7.025223,3.7164404,49.148815,40.98775,-8.289291,29.511251,10.533973,3.929757,17.103167,-12.128393,-14.377691,-0.48425433,-10.705729,13.736638,-1.0
3.2874334,-11.809549,29.25218,-52.15861,27.425903,-7.998578,-0.28618133,-41.812675,-10.826926,34.913666,24.35596,37.41465,-9.343332,21.852396,-13.968216,40.618484,17.527626,33.100834,19.011063,13.709839,8.413115,-12.105206,4.362505,-55.87818,-6.1944823,-33.088894,1.353613,0.51216,24.537392,1.8592461,-26.42003,17.388992,-36.573936,26.32212,-22.467838,-14.133999,4.7279963,-4.577418,20.118237,-19.629692,-27.466251,32.797123,-6.695054,-7.8544526,25.197924,30.729755,41.300354,-0.15865494,-33.079453,-0.87257195,11.508976,5.9658155,-4.612211,-17.40114,-3.7033985,5.5386767,45.24429,0.35497802,-35.54377,-23.98522,-10.75849,0.77306545,-4.5460362,-17.185846,-17.975576,16.40032,33.46439,-14.360282,-1.1954426,4.239393,-2.5489614,4.337797,15.454523,-31.62493,12.705679,-6.3029947,-42.624695,15.290232,-26.61732,-34.0567,20.652214,16.487953,-0.17596877,25.644278,46.902386,32.338917,-10.311188,7.6291795,55.808628,43.09836,-12.185776,30.84453,8.093419,11.760078,25.14586,-10.873584,-14.432092,3.4081452,-15.717148,20.592243,-1.0
3.8409617,-5.2600985,11.085646,-21.41669,16.24334,-1.3792119,1.3849432,-19.15704,-11.446891,18.045788,15.904862,18.836216,-7.6107817,12.872614,-5.6807528,23.374447,8.999731,15.5388775,2.1551228,8.2118435,4.455092,-15.16337,12.020568,-28.014183,-4.858933,-12.511538,4.401932,8.430616,10.838782,3.86802,-10.210711,6.6304555,-22.002779,16.6398,-10.84981,-4.7762246,-0.04709746,-10.142251,13.8115635,-5.96624,-13.125604,19.449549,1.3980978,-6.2315283,11.270566,17.904987,18.216288,-4.6878166,-20.308119,3.299613,1.5566651,11.472922,-4.532582,-3.0540147,-1.9068271,2.5857604,25.672009,-6.425071,-23.57267,-16.076345,-7.138749,-1.801998,4.4663897,-10.538926,-11.891126,8.513922,15.25406,-6.4116583,-12.272099,5.9188566,1.774603,-0.24727209,18.626022,-14.583655,8.497402,-4.259802,-20.888206,5.1997714,-20.490488,-20.968475,10.744072,10.521848,-4.3768997,23.59477,27.33844,18.930367,-10.311645,2.4287694,37.546673,25.47551,-2.946667,16.313519,12.113263,5.015243,20.585178,-4.7793956,-14.200839,7.4723444,-3.6841083,13.872054,-1.0
1.8757558,-21.005825,36.85362,-66.966644,36.99143,-3.703406,10.0211115,-57.85823,-13.420049,50.079613,35.92007,52.573895,-12.931645,32.36033,-22.110428,61.84864,23.975319,51.550858,20.037035,30.923801,10.446018,-27.011288,19.350954,-85.099464,-2.7124777,-44.62094,-6.3009367,4.6296372,33.394608,15.708133,-23.898397,33.509235,-51.025196,38.78979,-37.746906,-14.423999,18.50264,-9.493521,24.78322,-22.475063,-39.631493,54.235096,-8.106145,-18.44658,20.485813,54.960026,54.228153,-6.237048,-52.07033,3.4623904,10.980655,10.486287,-12.68124,-21.797203,-9.335377,14.131814,69.48819,4.679781,-59.928833,-42.204758,-14.767583,6.2745814,1.9524124,-28.643225,-23.139536,33.34773,51.009758,-27.272007,-2.3741179,19.13691,-1.8799764,-5.797921,30.909874,-43.0003,23.082033,-2.1330771,-58.425205,22.847725,-35.483997,-43.084824,24.834,26.67044,-2.7615206,27.003159,62.429573,51.319424,-4.6845107,9.883032,86.9878,50.653847,-25.371487,51.247578,14.9324665,18.037825,28.001614,-6.8786006,-15.398281,7.9023795,-11.233089,17.389492,-1.0
6.2574453,-13.864583,25.820375,-50.152836,25.97015,4.0645595,0.09831679,-37.783188,-11.054405,38.881325,23.910076,36.536335,-9.270972,32.57624,-15.488514,42.765377,23.785685,34.945408,11.022961,23.156324,5.137586,-15.51392,13.737959,-57.794895,0.5626161,-30.824467,-1.2394992,3.3224518,22.79561,9.363046,-15.678342,20.712637,-40.705284,28.075188,-21.997852,-9.960267,4.6675687,-3.3023837,17.739172,-13.579285,-23.487173,40.74462,2.3982615,-0.21760398,25.498993,27.880125,39.614162,-3.5720327,-36.312702,0.097727045,12.69553,20.269524,-2.108883,-19.314108,-7.288924,6.26192,56.563908,-4.5316944,-32.875153,-25.838268,-8.435656,0.73758703,3.2422032,-9.833918,-6.5139527,17.388914,36.414288,-12.652362,-7.1541567,9.7911,6.0361476,1.335616,18.595478,-36.550354,18.35269,-3.2154782,-38.02733,18.164604,-27.923807,-31.669142,19.113182,17.629229,-0.24898852,28.186522,48.602776,32.35867,-13.824545,5.990904,69.92699,45.918655,-15.101984,32.992805,10.759523,10.251301,21.192219,-13.380322,-16.398497,8.696189,-4.549177,16.56055,-1.0
12.10058,-42.07549,54.976795,-94.103,50.98165,-9.454292,5.7063117,-79.92498,-21.510485,76.0516,55.847633,75.011024,-30.832066,51.95804,-20.75692,82.63424,35.23768,68.29986,34.294888,35.715378,16.833788,-38.508923,11.282587,-116.61605,-16.04376,-66.585754,-8.206007,11.309299,44.53656,17.647186,-39.83498,32.01885,-79.20657,71.944885,-48.82637,-20.424692,6.0266843,-11.710517,53.963184,-32.14604,-50.668472,89.778725,-6.468467,1.7780147,56.410088,45.67233,80.92201,1.6801074,-87.96703,-9.418165,11.5015955,23.052807,11.438952,-36.849834,-14.644777,10.237645,94.75783,1.6363661,-71.83951,-50.019863,-29.73312,13.280507,-4.923943,-33.456814,-30.346502,29.853216,76.58623,-21.392864,-22.508667,22.65463,2.5680609,13.157,46.66726,-66.632614,32.154854,-17.086243,-87.445305,41.723595,-62.429173,-68.084694,40.307156,39.537876,-5.09586,55.117752,101.51856,73.077095,-15.544886,16.787783,138.08887,93.218445,-10.479933,67.9493,3.199804,27.639305,36.877033,-39.09244,-29.226173,8.540435,-22.245731,36.823273,-1.0
11.344124,-13.796859,24.529116,-48.465374,30.94399,2.0034807,8.390818,-35.3966,-11.211778,27.35022,28.354912,28.02954,-13.597037,24.558268,-17.579464,41.621056,24.047209,27.863104,4.3087063,18.71475,1.4251947,-26.155195,13.292031,-53.695595,1.5501537,-30.054623,-2.3877854,10.398945,16.9374,11.108059,-10.601574,12.297909,-36.541138,28.116215,-14.7204,-14.239419,4.394807,-4.1394677,19.584583,-11.560971,-21.324814,38.69003,12.0408745,1.0664424,20.096407,31.61814,26.91812,-8.122621,-35.658955,7.539184,12.156875,18.154295,-7.5868464,-11.31483,-6.8213363,4.7262654,49.158497,-9.241046,-29.787374,-25.977299,-6.981771,-2.5465245,3.9172435,-5.421965,-6.7596135,17.588217,36.30733,-13.448475,-12.941849,8.142989,1.1227856,7.716499,17.446312,-30.680466,15.941768,-1.0575123,-33.21892,19.090443,-25.9448,-33.737545,23.412247,13.38665,-10.686897,22.276215,39.754185,24.170614,-10.506508,-1.4455111,62.152485,38.744465,-14.714637,31.227743,16.081743,9.010288,27.51567,-6.996602,-13.379404,14.21232,-1.3593609,16.633162,-1.0
7.818543,-17.537716,31.63865,-47.3852,45.01793,-7.8344917,14.15861,-52.160553,-17.95342,40.840702,32.342976,46.03444,-18.914558,28.123775,-10.895534,52.66217,23.177101,40.921516,7.407813,23.760937,15.974743,-31.326475,23.209257,-69.2958,-3.8972907,-37.348286,-2.690976,18.454906,26.125708,13.387459,-27.055525,16.836075,-40.960392,36.95141,-21.632761,-13.484745,5.652205,-13.105653,23.865076,-11.200454,-32.019794,45.478237,0.81855154,-5.6754446,22.28946,43.497593,41.840378,-5.7568216,-46.06748,2.805868,11.867685,20.456532,-6.1197386,-17.47293,-5.761423,11.041619,51.577065,-4.5845366,-46.784225,-35.12334,-8.298038,4.358557,6.4925327,-14.093043,-22.19348,25.055075,29.100351,-12.875854,-5.9729977,14.038413,-0.10913673,-5.6241946,30.354061,-39.019672,20.634089,-1.5502688,-45.577114,25.017036,-35.77822,-46.363243,30.026794,21.74174,-2.949394,26.710909,52.763874,40.581844,-4.4922137,6.277977,71.110886,48.9924,-10.943608,46.647087,19.604584,7.130374,36.373917,-12.604966,-15.496465,15.098442,-6.024421,30.005651,-1.0
16.141298,-44.105324,48.761627,-99.01534,68.66457,-17.067286,0.7778845,-85.945816,-17.751015,70.149315,51.280697,86.60498,-31.827682,47.51371,-23.429447,77.967094,33.165752,72.634995,31.828987,54.854244,27.828434,-39.61429,36.30879,-117.0543,-12.802551,-71.95111,-7.2271786,13.188452,52.149338,22.91394,-48.70631,25.413635,-88.65211,70.60106,-52.06659,-22.69241,-1.8621494,-28.135195,51.58066,-32.980347,-66.2362,79.486534,-1.9097034,4.341057,55.31276,70.64016,60.855755,-12.304617,-82.574425,-8.946675,19.907055,32.43665,-4.6278725,-34.1657,-13.313683,15.746432,103.03007,-3.6032562,-77.41981,-54.55945,-33.34354,6.636854,1.1993564,-40.507477,-24.265926,35.641945,66.770134,-12.761641,-1.2620056,16.521065,6.4060802,-6.588459,47.841034,-66.718666,33.011387,5.567583,-93.39814,47.316673,-58.400482,-75.83131,48.141727,30.23775,-11.112206,51.883415,82.822624,63.163376,-15.346376,18.370682,132.67377,95.85046,-6.8483863,74.33568,20.88759,21.445696,50.541927,-26.77006,-32.70088,21.334389,-10.190089,37.423317,-1.0
7.0946274,-7.476303,12.644264,-27.50903,10.436132,-1.5633777,0.58535904,-22.30325,-5.2781415,20.315968,12.757117,23.84156,-8.36834,11.113555,-6.2087526,22.413734,9.133264,16.655615,6.931504,14.32793,2.6705008,-11.180259,4.677493,-33.412384,-0.448468,-21.619188,-2.6896055,0.266451,15.459266,-1.056364,-11.365798,8.8146105,-21.5093,12.159289,-12.022452,-2.8993018,-0.84944683,-1.2452122,8.670757,-12.158824,-13.549157,18.27396,-3.808878,-1.7527087,17.717453,20.309935,22.768642,-0.45641217,-18.72322,1.665054,2.982769,7.647738,-8.934903,-4.9962497,-2.9094667,4.557145,29.51437,4.822286,-19.405989,-11.078167,-5.6026506,0.76452816,-1.1268852,-9.429834,-5.9975295,6.632286,16.73068,-6.368558,-6.135551,4.925034,4.404439,-3.085931,7.7523184,-16.671957,11.040913,-1.3837711,-27.501112,9.126294,-15.171893,-18.138828,12.418866,5.6360455,1.2682288,13.397834,21.92396,15.198845,-6.9662895,-0.9728852,33.21884,24.730598,-3.0238214,19.127398,6.298002,5.76554,13.592468,-2.9777522,-9.069584,5.566789,-4.6229067,10.845457,-1.0
10.365643,-31.123955,53.179146,-104.93202,67.58444,-5.4433937,0.58924174,-87.80596,-34.00769,82.80573,48.33073,84.243355,-21.385849,58.658253,-37.659504,95.07849,60.594036,71.36092,26.656006,40.027985,15.816564,-35.894947,32.55588,-136.21881,-2.14179,-66.07529,-12.872262,-4.4764056,45.831604,25.367449,-43.74017,50.1296,-89.60689,63.518833,-54.965523,-21.264421,8.0456505,-18.301678,41.198574,-33.83646,-53.68385,87.686325,-2.553337,-4.675454,47.56048,73.88641,76.083725,-19.694141,-75.851135,-0.73088336,26.316877,41.865845,-5.467954,-37.461445,-21.98022,18.743387,115.86012,-7.593309,-79.99745,-60.492416,-23.81889,3.292125,2.8784838,-27.326717,-24.43394,42.436043,83.43648,-32.28289,-10.933962,29.551006,4.4839334,-3.4826963,49.324013,-64.96186,34.042908,-3.8180153,-80.75407,43.805046,-63.228302,-71.44031,40.14529,30.564814,-2.5527022,48.446377,88.12362,62.727596,-22.620987,6.671032,152.673,90.19651,-30.040594,74.7116,24.69533,32.261436,46.585537,-21.342314,-25.702784,26.423016,-23.351395,26.14446,-1.0
3.845019,-16.931551,25.172678,-59.348427,37.64313,-1.6153045,-1.5274106,-46.13818,-13.34921,39.146317,36.180347,46.350006,-16.65121,36.84771,-23.858524,49.7669,29.887642,39.127213,13.298194,28.823013,8.501015,-21.695406,15.00209,-72.964355,-1.4289048,-37.65465,-3.8712482,6.669663,30.096647,13.03523,-24.029123,17.731644,-49.46114,36.611416,-25.197426,-11.901158,0.5554489,-10.808013,17.454126,-20.843649,-33.770195,46.885487,-3.0707505,-2.0116808,28.93755,37.652973,43.039185,-6.761539,-40.71903,4.5748,15.718379,10.067773,-5.2355537,-14.498262,-10.656339,12.497907,61.016914,-3.5806806,-39.446377,-33.843475,-18.78298,-2.189343,-1.2981278,-19.54977,-8.333837,24.749031,39.859913,-17.790405,-5.565746,10.193852,5.020425,0.64386886,23.038033,-35.83065,20.756437,-7.529172,-45.38939,24.268066,-32.509583,-39.459496,23.73976,21.25817,-3.3924298,30.887398,47.99689,31.738007,-11.992438,1.3219413,76.35832,52.06044,-17.12518,40.519085,17.743294,17.327673,17.625319,-11.321491,-18.652102,12.653889,-11.250888,15.836709,-1.0
2.5239818,-18.395308,31.83928,-53.913006,35.64599,-5.7676845,-0.93655044,-42.694073,-9.058985,49.379494,25.031939,50.74518,-14.213614,20.855083,-4.2403655,46.400513,18.197737,36.463528,23.389893,23.793415,13.337802,-15.861393,0.7712509,-60.331196,-10.671207,-41.06505,-0.17394008,4.231547,29.004076,14.59761,-19.796246,17.633799,-45.878075,30.046427,-20.563997,-10.354416,6.862407,-3.7925613,25.974426,-11.146402,-30.481632,38.969307,-1.7361314,-6.351556,29.096464,28.176577,42.282036,-7.144144,-49.29948,-0.6562092,5.944198,9.04212,-7.974373,-16.237309,-7.5718637,3.6458378,52.57403,3.436334,-38.90949,-33.317375,-5.1277337,10.706106,3.5163195,-20.32642,-15.476621,24.884209,35.162327,-11.774973,-2.9205296,10.005559,2.5034466,-2.8182552,18.922802,-43.287914,13.921162,-7.8253603,-47.50178,29.484318,-24.655783,-39.79984,24.602676,19.564161,8.206508,24.297472,52.446236,41.335224,-4.529019,7.007856,65.397964,47.429028,-1.5676401,38.46111,12.166445,10.32037,21.967571,-9.032245,-10.65554,1.1069742,-10.083709,20.55659,-1.0
10.107566,-35.213047,43.86946,-79.801926,46.70525,-7.088335,7.82054,-64.676674,-14.1685915,51.462727,52.189884,55.087265,-21.045307,39.770836,-35.32304,72.86355,30.944002,54.133858,18.581474,36.329277,6.1948867,-35.573524,20.784832,-88.08501,-10.363383,-52.915363,5.6818423,20.278763,37.127827,14.969682,-22.564615,26.157423,-52.98389,52.909924,-30.500399,-14.195539,0.3232327,-18.71904,38.553497,-24.081131,-38.79923,64.72835,18.305597,3.4718308,50.388176,46.744823,62.23782,-15.884555,-70.18323,11.852936,13.355402,24.437906,-11.401751,-22.39537,-7.3350954,7.8927126,84.95596,-1.3360363,-60.343864,-45.463936,-11.684738,6.8131337,0.6588679,-24.14485,-16.716715,28.357292,61.646564,-27.194494,-22.970612,19.681686,9.345884,7.844688,41.59372,-60.796307,28.27524,-10.216629,-65.72314,33.43572,-48.243412,-55.711086,57.39868,26.60666,-3.8853776,52.994907,83.33883,55.6952,-11.250708,4.493567,113.25933,71.65865,-14.888928,52.674385,16.42758,8.52595,44.50344,-25.458967,-25.18772,13.033599,-11.758578,25.620798,-1.0
5.995846,-32.81464,35.923176,-55.022938,25.788647,-10.073353,12.603804,-57.633465,-11.862301,44.781704,40.294163,47.192646,-22.695358,32.866405,-17.424042,57.799004,17.683367,40.82841,24.950771,21.436844,7.7700624,-23.530376,7.8150206,-73.111824,-1.167044,-38.398796,-2.3519297,9.179594,26.501247,13.750595,-17.65077,23.688736,-39.942276,51.90142,-20.984058,-16.069736,20.52212,-5.2860136,46.265984,-15.170368,-26.910822,64.10598,-2.726768,-2.471195,39.538853,40.20866,56.170856,-4.465344,-51.847088,0.95541656,9.480132,21.658403,-2.4699461,-20.06827,-0.8328017,8.628613,57.56474,3.176392,-46.380287,-37.029514,-5.0333457,17.270126,2.272244,-22.922636,-15.406416,29.654245,51.649128,-14.364274,-14.881721,17.817768,6.196503,2.1859756,34.469105,-50.332928,21.024773,-3.6780438,-51.03552,22.623281,-43.562553,-45.36273,31.35707,26.0691,-2.5015755,37.048084,69.1884,49.768932,-10.785755,-1.8792405,89.49266,61.648407,-8.424029,44.792225,10.186119,9.885678,31.68023,-17.94772,-24.580357,2.122139,-13.325013,18.796858,-1.0
10.631113,-41.32564,31.938389,-67.08143,42.058907,-9.881151,-6.11911,-59.4803,-35.94158,45.830326,42.79289,57.495205,-27.127048,33.22289,-15.28494,57.81872,31.560568,38.75706,20.292162,38.036457,16.344673,-22.787634,21.515549,-78.66706,-2.9030466,-43.28235,-5.2300744,8.097687,33.000004,11.45863,-41.835785,5.6292195,-51.87523,48.36574,-38.619297,-25.507442,9.236096,-16.983313,38.18032,-25.005669,-43.186546,60.487034,-0.41483814,2.0889065,32.884434,44.641792,57.868168,-9.84677,-56.863895,-9.65947,12.335444,27.15827,-10.034041,-31.841255,-11.299383,9.3076315,71.39046,-4.8215194,-49.72394,-33.338768,-14.064822,-3.5790272,7.4462314,-22.235193,-13.550055,26.763895,47.653557,-8.910813,-11.601367,11.605371,1.6408248,3.7387085,38.209507,-44.547634,20.023418,-4.146031,-57.398514,32.333736,-40.410706,-56.190094,20.275408,27.732035,-12.638461,44.248657,54.775665,49.973263,-1.7495856,12.728614,93.09958,75.11976,-11.884997,49.624355,16.195211,11.026065,45.99566,-17.920305,-23.644176,13.106316,-13.964443,31.189665,-1.0
14.800714,-26.037739,23.752268,-46.788334,34.278717,-4.0849276,-1.8416344,-37.785877,-12.0716095,31.8589,22.218548,39.582336,-14.09849,20.223862,-14.121539,40.38937,19.36915,35.597607,20.582813,26.854979,14.773951,-18.9307,9.032564,-49.918686,-1.0873903,-32.447315,4.120217,-5.586269,22.751328,14.6442795,-24.642143,11.189211,-46.641754,28.888414,-28.063326,-12.653103,0.20091404,-11.528097,26.574762,-19.607168,-34.82388,29.017353,-3.0862198,7.721286,32.179417,28.48531,37.949036,-7.8178196,-35.306488,-13.91496,5.536257,20.119183,-3.9237614,-14.645944,-13.431374,9.865851,58.586315,1.3801441,-33.938812,-19.846418,-18.76801,-1.7544441,0.5927972,-13.194411,-4.284933,11.218854,33.054306,-14.269229,-3.9219785,3.9475543,3.357027,4.261836,24.675468,-30.826452,9.004089,-1.843302,-34.927162,19.757767,-26.08932,-27.483078,25.104965,6.361251,-2.7801833,20.627338,37.83605,28.986721,-6.9418125,6.665463,63.027054,44.820713,-8.546629,33.138504,12.403801,9.177993,26.840391,-16.863472,-17.972223,7.498905,-7.942952,5.8988533,-1.0
6.9174337,-13.478632,24.097319,-38.4633,24.374624,-1.703918,3.188523,-37.347404,-9.525508,31.04406,20.87944,33.5519,-7.093548,18.431421,-4.394177,32.133667,9.395604,26.176723,15.583676,19.894407,11.797195,-25.007597,3.2099295,-44.43359,-10.158004,-28.829378,2.4148288,5.5548124,20.522636,10.65152,-25.033108,8.416037,-34.79065,26.641144,-16.714954,-11.005184,3.5171096,-4.8013134,19.89237,-12.105211,-22.486355,29.622822,-0.8579931,-2.523774,22.822449,23.419268,30.569784,-1.4781904,-35.513027,-3.9446828,12.502397,15.015353,-10.854035,-14.989629,-1.289655,8.197459,44.312927,2.111985,-34.83575,-14.981909,-9.768934,3.9316063,-0.47072017,-9.661415,-9.780789,12.795634,24.641052,-8.17627,-3.4721475,10.0909815,-3.3760896,6.1855345,15.767662,-30.811262,10.74411,0.039863452,-36.2695,17.7001,-19.525288,-31.820286,13.568575,16.7422,-1.4803311,21.200033,38.922085,26.70084,-2.1472394,3.6313648,47.86229,37.80686,0.5266436,32.10857,14.835396,1.2311671,16.407545,-13.432314,-13.158344,7.781767,-9.28582,23.731886,-1.0
16.08336,-63.124447,54.48271,-106.706406,64.00127,-0.120101035,-7.601574,-83.628174,-30.727524,75.449905,44.963017,85.627075,-33.080956,62.93615,-29.897291,75.781006,39.39531,55.621296,34.47441,55.57198,19.203636,-34.249565,15.10669,-122.82904,-9.32412,-67.89088,3.9369495,2.8346326,54.62555,12.444681,-23.535162,18.969334,-99.217316,73.56268,-63.941753,-3.86421,3.7070878,-26.925406,56.322533,-41.33971,-53.87921,74.440414,-4.683166,5.688095,63.433174,59.295063,88.34993,-18.704031,-80.20273,-0.2196419,13.216155,36.989063,10.369077,-31.305668,-15.924894,9.927178,114.824585,-18.769331,-69.69471,-44.558014,-19.924265,-1.7036647,1.2229543,-33.649155,-11.684729,28.881784,66.76081,-20.365332,-28.767176,26.614931,27.780174,10.208418,61.757004,-76.0186,2.054524,2.5977776,-108.64684,44.403957,-77.69184,-69.85183,57.79695,20.5863,-15.37378,63.429447,93.60575,64.08742,-8.697607,4.3043556,148.91118,91.519554,-18.811457,66.35507,12.360757,16.648907,58.61953,-27.897045,-34.926674,16.424593,-22.020132,29.183475,-1.0
5.912855,-16.801142,24.81657,-62.12291,34.451534,-3.7732646,5.4963365,-47.71724,-3.325277,43.82288,31.112362,39.43077,-17.783642,27.388908,-24.171087,58.128765,28.53648,35.039925,23.150078,31.503664,11.421759,-32.07533,12.276323,-63.805756,-8.450477,-33.795563,0.79897016,7.719146,28.055542,5.5441527,-23.611376,16.363176,-50.81866,39.86355,-30.795906,-11.149647,6.4702196,-9.044839,21.11604,-27.51798,-31.391928,42.664207,-5.058859,5.7266316,26.167736,39.838356,50.368374,-5.344299,-40.384304,0.68289673,17.571545,14.99955,0.56217706,-20.91961,-10.776599,6.150467,60.209656,1.6374683,-44.21006,-30.70763,-18.293863,6.5897875,2.9731407,-12.757035,-8.741911,18.991869,42.64213,-17.34419,-12.505587,13.931142,-4.780247,8.302059,23.926401,-45.207317,15.026813,-2.5998769,-58.741558,26.572594,-34.536636,-42.167118,31.67922,20.959942,-4.7109785,39.396843,58.84024,32.300255,0.07150483,11.643139,77.53269,52.909435,-15.844675,42.13396,8.927248,16.277407,26.406021,-22.310026,-20.913332,20.909632,-11.310034,27.37462,-1.0
6.7762547,-19.110094,16.949324,-31.395992,22.878954,-3.123429,-1.368635,-28.033358,-17.567646,30.270395,23.013926,34.004265,-9.517063,22.916431,-3.0963435,23.487663,13.0578575,21.298357,9.746596,16.276108,6.4624357,-9.338795,8.39113,-49.822517,-5.05564,-17.262009,-2.0178597,-0.35227948,10.89165,0.9727035,-15.2728,7.2707505,-30.743383,15.28573,-21.032436,-8.168833,6.8471785,-10.149638,16.376963,-9.705077,-10.852674,28.237795,-5.257466,-3.4572246,12.887313,21.634977,28.340902,-7.6828127,-25.402374,-0.92512405,3.6108315,13.927897,-8.498768,-5.2545767,-7.408678,2.4760666,42.770966,-4.6260586,-31.529007,-17.525867,-2.6737504,0.057180583,2.2263637,-10.886582,-13.477251,4.923407,15.000745,-14.1692705,-5.5738525,10.0384445,10.316859,-0.631561,13.975495,-21.59733,7.251719,4.1761155,-32.286903,9.856427,-22.833065,-19.748735,16.723461,10.824614,0.16933614,21.84556,31.075958,29.292965,0.6890588,4.837119,45.289646,30.923265,-7.151532,22.752226,7.7994967,5.9838495,24.677486,-9.138946,-9.359678,2.685206,-5.116119,8.51469,-1.0
15.932354,-58.371246,78.77375,-149.64038,115.33098,-24.166565,2.3338342,-128.46492,-41.493553,103.715454,73.306854,123.470215,-55.261066,75.21836,-37.8925,129.52032,66.26246,103.75381,47.3391,79.737045,44.415314,-45.211895,62.961914,-181.01688,-19.740509,-82.43714,-20.16968,20.54563,70.75795,24.405539,-67.14391,37.37306,-138.39304,99.40112,-74.93055,-45.519135,10.914391,-33.536896,62.146774,-60.610516,-97.436584,122.310776,-8.587335,-12.4821,69.43416,112.40337,108.671196,-8.34534,-122.26913,-14.511726,24.718767,43.933243,-5.4940367,-60.73329,-18.616169,15.003371,158.22714,2.2963355,-113.86134,-78.7555,-44.157722,13.576618,-0.9343305,-61.031837,-31.34485,60.774487,107.16108,-20.439434,-19.975615,40.68624,1.611955,-10.131493,71.64728,-103.00832,43.5861,10.268005,-146.52832,59.37895,-99.91956,-121.244095,76.14057,74.14068,-15.25185,84.062065,123.38101,99.74347,-21.906107,40.930492,207.92184,142.39497,-34.94212,109.04715,36.39704,41.87182,79.17247,-40.967907,-57.248104,45.813988,-55.105396,69.75376,-1.0
10.61004,-49.110523,78.99055,-113.76757,89.47814,-17.84085,15.798189,-113.35211,-28.347511,97.509346,72.1476,112.36664,-28.318705,59.867218,-37.06969,115.715416,40.90815,104.92584,51.591045,52.381413,23.699728,-62.06236,29.929815,-152.86958,-21.314915,-85.905945,-5.621649,16.979502,68.263954,43.926437,-49.981937,52.00479,-120.827446,96.8566,-53.06919,-40.806717,27.881712,-13.278604,56.0085,-35.525387,-76.6183,114.9642,5.5866685,-21.154484,58.436333,80.86051,91.10886,-11.405652,-115.59182,-2.2525053,8.756648,34.088757,-16.018366,-45.19378,-10.517523,17.10947,134.53888,-0.977593,-105.44137,-79.0926,-41.83857,18.299173,-0.17015676,-67.43097,-34.02175,60.807762,105.76264,-30.67041,-17.584185,30.882832,1.3379695,-4.7902093,65.76914,-91.89781,37.359863,-20.818674,-119.87648,42.482384,-80.54199,-111.50459,64.282776,54.26108,-7.906354,71.207275,136.34454,94.33595,-32.2537,28.67687,181.99799,127.97907,-25.519718,100.040535,39.666378,35.235344,57.496643,-36.037895,-51.09167,23.593153,-35.46383,64.25738,-1.0
9.5810995,-34.496536,44.300022,-88.38216,59.650604,-2.9059954,2.1844244,-60.49615,-16.262026,55.594048,41.837093,59.377674,-27.671442,46.507854,-32.1525,74.193115,40.562035,53.45818,34.017708,46.18555,24.587759,-42.115704,19.285427,-96.6464,-8.571437,-52.25812,1.9053426,14.045862,37.81104,12.522869,-29.36892,18.892042,-67.56492,54.31899,-46.799618,-10.170655,12.224522,-12.313373,35.38109,-40.05705,-54.802773,64.99767,-7.7736244,-2.66447,35.192154,56.855804,71.99711,-7.9948153,-61.53397,-4.157392,21.757366,26.199596,-2.114349,-27.070448,-12.531015,5.814914,86.63756,-7.165829,-58.069992,-41.781284,-25.376467,3.9032993,0.75101507,-25.613056,-15.641387,27.874828,58.958702,-23.297314,-14.646685,18.002428,9.396856,7.3792915,46.871128,-60.204872,27.071682,-7.830085,-79.37997,30.800558,-51.828365,-67.73434,46.481983,26.545843,-7.548497,47.939842,81.16222,52.28245,4.1885715,14.355822,113.3369,77.948746,-19.645605,60.47103,15.68828,22.692131,50.450356,-23.545748,-27.965195,29.011744,-27.215,33.457375,-1.0
13.208196,-35.174343,39.477985,-83.50587,60.854233,-9.216703,-16.082392,-58.639687,-31.354393,37.44394,43.354195,71.1194,-26.750662,42.33685,-18.129599,46.114532,31.17915,36.81793,22.831131,48.466934,31.938627,-22.643719,15.904404,-89.59043,-2.2743547,-35.892586,-3.228515,7.3272533,41.808704,4.3782916,-33.2481,-9.711672,-75.25662,46.845284,-53.83017,-20.846352,6.2691045,-13.849048,32.695805,-24.653887,-35.875927,58.079655,-0.0902101,1.6232162,46.4089,51.451046,60.359337,1.8677474,-60.62892,-22.652504,3.2501447,36.88964,-1.0139949,-29.740322,-23.598898,6.274477,77.44833,5.258364,-35.758106,-21.56037,-26.052448,-19.297201,5.0996304,-20.302082,-21.612062,32.03659,48.412113,-7.477296,-10.797335,15.169342,29.017286,-1.2494521,24.860535,-61.954937,6.0631595,-0.48003277,-77.9329,33.992664,-54.541912,-53.03721,31.404911,16.67197,-16.724613,43.639507,56.043297,40.183285,1.7621104,18.465956,96.0824,80.95169,-10.799275,37.3047,11.203301,16.043829,47.954826,-24.785513,-24.599522,18.420746,-37.468987,21.471745,-1.0
-5.8293514,-13.078992,14.439904,-33.44858,26.846292,6.25603,5.4821987,-26.8794,-16.435144,26.273384,29.000086,27.924665,-11.67301,25.697426,-10.52341,31.019394,11.847943,27.60229,5.7273855,8.579189,8.878444,-17.287134,16.841988,-48.491203,-4.1798143,-27.096502,0.8025926,13.010395,11.379985,9.977682,-14.1490965,11.862799,-28.583027,21.082458,-13.078937,-11.607568,5.6745234,-10.6581135,12.327215,-0.5613427,-17.761911,31.95421,4.058855,-14.040109,10.805669,15.444216,23.64436,-4.4622297,-26.936111,-2.351686,8.54897,13.680692,-10.222162,-7.2064943,-0.97902167,3.210649,39.253265,-6.237912,-22.57143,-25.264042,-2.8616383,-1.5774897,12.788395,-8.264787,-15.394029,19.071468,21.29684,-15.026591,-4.575551,10.042851,-4.830235,0.24532562,20.82,-23.090498,12.265402,-3.2777143,-29.328049,8.560979,-25.867226,-32.01369,20.625294,18.112597,-2.9129915,14.311233,38.50705,26.66477,-8.657538,5.4904013,46.60015,30.471268,-10.532767,28.645458,18.753336,3.815395,26.746397,0.29425597,-15.121028,8.148038,-8.578795,17.82138,-1.0
21.857948,-51.238655,57.099934,-104.3228,76.163284,-5.6631804,0.574116,-78.94415,-25.378588,72.7888,48.475784,75.033966,-40.59915,54.686474,-31.185375,84.698975,49.03256,85.666794,31.971031,57.401108,15.279191,-32.389,29.757002,-129.53294,5.3212767,-71.60647,-0.17996967,11.291984,47.386486,17.056372,-31.031832,27.325905,-85.906456,60.0842,-59.879803,-13.842235,8.588348,-40.01797,59.688885,-39.176636,-70.905304,79.31349,-0.31970644,-7.269808,48.965843,69.961044,80.84611,-19.585268,-85.199905,-5.389377,16.243534,27.755192,0.017296523,-41.55435,-26.276218,13.752133,119.65381,-7.955604,-76.90455,-50.172466,-24.162075,-1.0421559,0.19447857,-37.822388,-27.410986,36.690727,83.507126,-29.280178,-10.017339,21.233694,7.996101,-6.3874354,55.07428,-81.43647,30.68094,-4.7911654,-107.759514,49.725784,-64.88091,-77.92148,54.629288,20.572937,-17.002068,59.7688,99.183624,65.29091,-4.7970586,22.443857,143.11452,91.015274,-22.337873,70.67756,15.565352,27.811584,60.50522,-30.499563,-35.582882,31.752539,-16.99122,32.59116,-1.0
12.390202,-50.80084,58.65345,-122.84282,63.352768,11.578148,-0.6817832,-90.124344,-20.578478,87.263794,52.309643,102.29166,-36.804333,51.057552,-23.494768,99.572464,43.00193,79.518135,48.303688,33.88607,33.150856,-33.37787,14.4520445,-149.38203,-21.261486,-90.38766,-3.8802125,24.299639,52.801556,19.956387,-42.961273,31.843256,-99.587105,77.91525,-59.042484,-13.744738,13.932399,-22.328285,62.241352,-28.491081,-74.71194,100.07045,-4.7991433,-10.435996,45.694218,66.134155,105.552,-13.54157,-93.90346,0.97351277,14.865695,31.793694,2.3096528,-23.603516,-10.1141,10.815517,116.55305,-19.879137,-78.83212,-71.614174,-27.232431,4.4031587,3.973742,-48.5301,-40.527737,42.739536,84.78406,-27.716908,-22.523485,32.45,-0.8577244,9.1813545,64.21399,-90.15366,29.061981,-16.973934,-109.575134,52.042744,-80.263626,-103.69536,56.090073,50.87605,-7.664219,51.32652,117.721664,92.877426,-28.827515,30.882313,173.52068,113.98401,-13.674622,85.375145,37.979355,23.871576,42.335735,-30.220896,-39.524178,16.652061,-45.22413,45.83636,-1.0
8.910085,-45.466396,64.29054,-101.97062,66.043686,-6.0022035,9.613821,-100.631226,-25.503973,90.98329,68.71247,95.57379,-24.707657,55.452827,-38.65234,103.59267,30.904373,86.16629,44.81105,41.956978,27.836908,-62.19208,23.58822,-127.49055,-20.55286,-78.42567,-6.0709987,13.599684,52.37685,33.22051,-55.581966,40.420193,-84.521904,101.77893,-55.244366,-37.85121,21.45744,-9.20465,57.8848,-33.72259,-63.009987,94.44003,3.5326996,-13.299283,62.87136,70.958954,96.37258,-12.153727,-101.06791,-3.5066998,12.058013,32.817738,0.9403121,-46.13099,-3.5644488,1.4677409,110.76843,5.6393247,-96.90847,-65.05577,-36.141144,13.459179,-1.67111,-46.963413,-24.530073,54.467747,97.73122,-18.0425,-14.344182,32.295536,-6.9205613,-0.4649845,69.31188,-77.2329,40.473675,-13.388854,-96.612564,43.331093,-66.3891,-96.97997,59.73324,50.19417,-11.182849,66.566986,107.051414,88.72414,-19.466793,27.666487,162.87292,124.09963,-20.67322,78.31453,19.098936,30.954203,52.56064,-33.72082,-44.572716,12.807996,-28.225908,55.15769,-1.0
17.735537,-31.697102,58.16639,-83.064354,50.130444,-0.3386071,14.777157,-63.379032,-15.157845,65.25245,48.23836,66.14653,-36.299618,39.253742,-20.81871,79.06873,33.411163,65.72304,39.64354,28.021427,12.121092,-17.458374,12.271359,-98.45365,-3.7941275,-49.575848,-9.660083,12.452754,29.587511,14.523204,-21.170168,42.328876,-50.31531,52.726063,-35.20198,-18.673264,19.353298,-10.397872,45.217743,-19.233438,-64.52688,47.002563,-18.40723,-19.899353,34.463287,47.920982,69.04642,-8.74791,-54.60709,-4.3533206,4.0199375,15.612659,-4.677515,-38.920033,-3.1911845,6.3493457,72.52401,1.7859068,-63.035477,-54.396385,-22.136759,8.954152,-11.620333,-39.810734,-16.60953,37.863277,67.07485,-33.469086,-5.794626,22.829273,-13.427712,-7.792036,53.44819,-53.88564,27.578047,-5.1872287,-72.10275,24.974005,-35.087543,-54.32468,34.417477,23.078745,-1.9517946,34.62467,75.48241,57.834488,-14.805157,16.005053,111.729195,67.34033,-12.806705,54.220947,13.328984,21.711117,34.04912,-21.18102,-29.146387,5.184242,-17.4948,27.504513,-1.0
23.708233,-42.253296,58.122036,-113.41227,86.402855,-16.533377,15.807226,-110.50893,-23.830774,95.02938,70.25927,97.7892,-30.866457,66.84014,-37.155666,114.99529,47.27314,86.0672,42.576576,49.856808,36.842056,-51.046116,30.153154,-156.50468,-20.929678,-71.35415,0.32264265,8.903087,64.734024,27.966854,-60.136066,37.173634,-99.30448,90.53364,-67.40536,-31.623238,7.071214,-13.641109,52.51642,-45.00331,-78.19789,104.06833,-1.3624632,-13.019033,57.180553,90.67071,99.84935,-15.23122,-103.37339,-0.6235096,15.019356,39.044212,-9.225632,-43.749756,-9.218377,11.539396,126.26671,-6.0217886,-111.15246,-77.68644,-38.49951,10.317509,-3.2515738,-37.47436,-35.486725,53.487556,94.31455,-36.158356,-18.091854,27.85409,3.9524221,-3.852767,56.440342,-97.92093,49.76317,0.1603506,-110.56359,53.025555,-75.47751,-100.50043,65.266975,60.07141,-13.951099,63.252163,118.88765,83.35228,-21.041382,23.346296,180.29921,114.29471,-23.444141,98.25517,25.842606,42.89593,55.28321,-31.8735,-42.17902,32.10731,-33.240368,47.270844,-1.0
8.180188,-14.607763,31.797531,-45.99155,23.967316,-1.5740952,0.9127985,-41.52182,-4.626245,42.232693,30.709543,39.371,-10.239231,24.960478,-14.948286,53.51714,19.155552,37.989105,25.981813,25.823952,7.7973146,-32.678474,4.6719522,-58.80453,-9.737011,-31.839766,-0.16548142,7.799176,26.95273,15.367387,-16.371037,21.803106,-41.72165,41.20957,-20.946356,-14.163814,7.1899652,0.7767019,29.105911,-15.56308,-29.577974,42.683327,0.9691996,-6.5918746,34.196407,28.669188,45.856316,-8.039059,-47.161304,4.8524604,4.7654037,17.628405,-4.2541966,-24.662891,-6.5392613,2.751595,56.36117,3.5689826,-43.28384,-34.698097,-12.263048,8.288314,0.26180613,-21.151184,-8.95186,20.139938,45.730892,-12.640804,-11.36895,8.655831,-0.007182464,7.156315,29.74565,-41.51398,15.505535,-8.4168415,-48.921425,22.302368,-31.786423,-37.06188,34.239628,17.861177,-2.921515,32.14258,58.933567,38.87248,-10.764032,6.747409,81.0985,51.579838,-10.994446,39.713924,14.6977415,12.608864,24.725145,-13.617971,-23.552393,7.814441,-13.074276,24.419125,-1.0
-3.9259052,-41.399147,66.7649,-106.075966,85.283035,-10.655012,5.8120556,-85.48364,-47.478146,86.34176,41.337513,88.04906,-42.74224,42.284653,-21.691,95.92308,52.05976,79.064316,31.750832,41.442375,14.880304,-10.289094,29.598555,-147.73575,-10.402765,-74.4619,-6.7056713,9.93182,45.62853,6.492406,-38.33523,44.653168,-101.35588,54.6248,-56.343166,-20.436739,31.918886,-23.923885,53.495457,-48.986126,-54.710335,79.81111,-7.907504,-33.23881,29.082478,76.29087,91.15811,-6.542418,-91.07556,2.2938716,16.377884,18.6041,-14.588129,-38.62537,-12.963603,19.706163,112.38612,-1.090055,-89.99112,-71.77503,-20.74415,9.945714,8.081,-51.02746,-29.364353,50.654675,70.0298,-26.644505,-17.792809,28.771166,-10.011018,-12.054787,59.516075,-71.196884,29.175173,-12.14324,-84.55086,42.34208,-63.386536,-83.88229,43.547188,36.60246,-8.376038,41.686,93.84321,77.26635,-25.728378,19.068602,146.07762,89.63044,-33.78053,93.4966,32.307858,23.21776,76.364006,2.7728395,-29.600203,22.96118,-30.380516,42.33669,-1.0
13.230681,-25.261623,55.145554,-85.18536,55.8717,-10.814789,6.15775,-78.50366,-7.763722,77.00416,57.277927,78.99162,-30.549057,50.873455,-33.138023,83.75589,44.107002,62.53654,27.89816,42.98905,10.779228,-59.197857,21.201225,-120.752464,-5.1922235,-68.739456,-3.571619,6.823492,38.164696,25.674452,-39.11967,39.027935,-84.65408,89.46147,-44.76268,-29.90407,27.84462,-8.709815,44.500595,-25.058445,-57.520367,82.64506,5.5575337,-5.9896765,47.563652,63.25898,77.51547,-17.12423,-85.043434,9.769244,8.087704,19.212664,0.24386789,-44.800564,-5.2274666,17.082449,102.005066,4.4779305,-63.26878,-57.21486,-27.829725,9.178444,-2.3885822,-40.801575,-21.35295,49.805275,87.62879,-25.804348,-5.612721,20.788471,-0.5849546,4.022586,53.55306,-73.483025,38.39688,-14.173015,-88.710556,42.766567,-62.389606,-73.893074,46.98496,37.608006,-11.218672,47.419727,87.96473,68.39618,-15.111696,14.550378,130.01732,93.81249,-30.70094,63.429123,22.350264,35.09445,40.433567,-21.103525,-24.525597,7.0039887,-5.2181334,35.3607,-1.0
14.560873,-22.599575,32.549187,-50.225662,31.134115,-1.3399782,-2.8798795,-45.921997,-16.070164,40.394047,26.79292,41.38804,-17.514814,21.053234,-9.48695,47.302776,24.272062,32.11102,20.101145,10.651461,13.500455,-20.190472,4.4132276,-67.516846,-7.0456815,-37.01617,-0.84053683,3.3766758,18.501867,7.5231137,-21.450842,20.622242,-45.953815,27.018806,-22.401588,-9.629746,15.691583,-5.384764,29.985077,-16.097878,-29.997301,41.873177,-10.381579,-9.86809,17.400152,23.164791,47.212326,-7.3210597,-38.292927,0.56655645,7.9702888,17.83658,-11.136644,-15.95896,-4.189563,5.3906345,53.02438,-0.97233266,-39.609547,-40.388695,-1.642525,8.514057,0.5574399,-21.675259,-11.793815,19.473001,36.973248,-15.503844,-6.0481668,8.230045,0.8766754,-0.6669769,21.396544,-38.75516,16.142548,-1.3611683,-41.513348,19.534723,-27.446054,-43.35522,19.030521,15.984032,-0.249183,18.909113,43.89453,35.89845,-6.9280324,7.818815,69.0793,46.806744,-13.673104,41.88655,9.519777,10.333062,19.82841,-4.622385,-13.639321,11.390949,-10.765653,20.874102,-1.0
24.891752,-48.069836,60.16576,-111.45884,71.13651,-15.075746,2.7631779,-94.58895,-26.624044,88.103935,55.216763,80.60975,-40.259842,64.95528,-30.322222,91.3144,45.182346,74.453224,38.02855,68.26292,23.252176,-45.079174,35.335735,-126.78779,-2.405783,-68.4005,0.6717257,11.855676,54.441532,27.908478,-51.455963,21.149014,-93.88808,82.27032,-64.59169,-22.57376,-3.1394765,-29.556126,58.571136,-41.390602,-77.483116,84.34484,-0.2844232,6.848491,60.566376,84.3919,88.045,-5.4734335,-85.567924,-1.7019196,15.829162,30.82147,-2.68112,-51.06105,-10.857341,13.239336,111.80788,-6.106934,-77.80251,-62.544273,-37.170177,1.4566486,-0.243779,-27.161762,-28.745148,40.42379,77.3177,-13.726421,-14.836018,20.055124,15.742383,1.5672624,54.456173,-84.81876,40.270298,-2.0054946,-104.765785,53.583702,-79.55383,-88.44605,51.295677,37.13711,-12.141211,57.911285,103.81624,74.41065,-18.582977,24.329777,152.751,117.78092,-16.135874,67.086975,13.619177,33.343845,58.82563,-34.074707,-34.08736,28.370554,-21.547117,39.344696,-1.0
26.111109,-65.73668,88.494,-173.37192,108.63075,-22.194056,-19.412632,-142.2956,-24.890942,129.81569,95.70024,140.6316,-57.00612,84.08266,-67.858025,168.76198,67.68351,105.36552,83.89782,81.42134,41.559788,-32.341255,43.2861,-202.86754,-22.353064,-117.57088,-1.5771682,12.574985,98.56778,31.209492,-49.90553,61.932556,-154.87436,117.934494,-100.185844,-20.142029,10.778963,-25.11939,80.21394,-78.488625,-106.396126,131.40129,-7.951964,-4.479323,82.15165,124.97965,134.53113,-21.780731,-122.49252,13.969179,21.56559,23.363424,-2.3242428,-51.569763,-31.305225,-5.5613236,176.99081,4.9445143,-128.15253,-93.24219,-60.901463,8.979707,-25.618406,-71.13258,-26.317467,58.40811,136.15562,-32.82276,-31.791601,53.196693,16.397871,8.828166,78.46376,-137.0848,52.74291,-26.192781,-159.6488,64.613594,-120.339554,-134.09001,119.82969,58.463207,-12.5858345,110.02759,156.4051,99.86706,-43.43433,31.503628,243.36888,170.63995,-28.317986,112.84979,36.298595,49.466377,80.122856,-50.774307,-72.62102,26.745102,-36.379654,41.69747,-1.0
11.97774,-35.95907,54.535076,-72.3266,57.943787,-2.432195,3.6344726,-70.49896,-21.457527,67.42265,45.436394,68.66623,-34.78021,26.36359,-14.11499,68.74258,35.896435,62.15998,33.768112,32.48295,12.731833,-29.003048,13.555578,-97.26869,-7.9424996,-55.387962,1.290396,10.652057,33.827145,22.570808,-27.833973,23.422976,-69.995995,53.71308,-33.045753,-34.455547,23.337317,-13.549391,41.088055,-20.324194,-46.137383,60.427742,-8.720516,-8.1101,31.888998,43.742443,59.591854,-7.338034,-62.103794,-11.237094,4.85684,24.287474,-12.352814,-27.750269,-11.549247,13.31389,87.28221,-2.888913,-59.59915,-48.856045,-10.468323,14.048771,7.8951273,-36.652317,-13.871485,33.68838,60.119205,-17.8513,-8.039282,11.935464,2.3779418,0.1902788,44.34151,-61.927635,28.076338,-4.8407393,-77.332985,28.551186,-47.270794,-64.50658,34.116142,30.743078,-1.9716942,39.27123,79.89419,59.62762,-5.3413863,16.924067,98.49088,75.366905,-20.77912,58.577972,21.692541,17.03011,33.892555,-12.8162,-22.731302,6.666211,-7.0730386,34.409866,-1.0
11.9950285,-17.913635,28.685598,-47.592747,34.788044,-13.78667,1.8554258,-42.87991,-9.990084,34.069923,30.376307,40.852894,-17.066736,29.474031,-11.833321,51.993683,18.273516,30.987902,18.84705,29.778282,14.239694,-15.217211,3.0547857,-60.40755,-11.665149,-34.909504,0.4164928,3.3698647,25.029007,3.0455132,-21.308939,17.093779,-41.77155,38.50162,-26.045786,-13.202272,4.510421,-1.6191716,26.213484,-18.400028,-27.513931,39.386627,-8.087151,-1.5471485,25.255564,35.94317,41.174015,-2.6235995,-40.15398,-8.0247555,10.028442,10.734628,-0.63589615,-16.295143,-6.4969983,2.0841737,48.35636,1.2272967,-40.022373,-28.089218,-21.241774,9.425318,-9.995175,-10.679688,-7.9548464,15.801509,32.665695,-3.6589127,-2.013573,10.230554,1.4064361,9.642002,15.30526,-38.80001,14.481675,-7.201197,-44.035206,23.308926,-26.411299,-38.79408,18.484196,11.1907835,-5.9074,25.752575,46.538372,26.66443,-3.403798,10.725186,62.978405,54.211445,0.49699086,35.051105,9.89702,12.408985,21.078693,-20.220703,-18.679718,3.53675,-15.323851,17.975712,-1.0
7.9082217,-17.371004,26.43058,-33.29267,25.565676,-1.8270291,5.50643,-31.618462,-20.842623,29.266174,22.817034,33.853817,-14.344203,17.414133,-11.974988,35.940987,21.467505,29.109667,5.806345,7.4011126,6.8445096,-15.2423725,8.956223,-53.716248,1.5985532,-21.711971,1.9263761,6.4389734,17.248026,7.3988285,-10.878737,8.426318,-30.409796,20.934797,-19.415844,1.5440876,6.7482867,-8.451983,27.878586,-13.1132765,-21.778706,31.028881,-6.6805606,-9.332235,16.419626,22.173555,30.44393,-8.985797,-28.547327,-2.1989365,5.107162,17.287342,-3.8714693,-11.159718,-5.461466,8.01674,44.259678,-8.900728,-32.94396,-30.433725,-8.111381,3.088653,8.613768,-16.756142,-12.924401,11.617949,23.64996,-13.129675,-16.055744,5.0824733,1.7201205,-7.769897,25.268805,-27.622911,14.424409,-1.7907368,-35.808945,11.0740385,-27.52257,-33.26866,17.982817,11.234952,-4.2155724,24.092224,37.593304,27.989002,-5.7284813,0.7545748,63.551517,38.486057,-10.0407,32.346577,9.849724,11.139239,29.7877,-2.5179167,-15.134384,16.393297,-8.006545,16.584625,-1.0
5.104704,-2.4867125,29.41701,-37.812397,24.677942,-5.16391,-0.68136954,-36.003616,-4.809772,36.325382,23.770575,31.839533,-13.671814,22.14791,-14.042875,41.800823,22.55494,27.691166,13.996646,22.103392,6.4465475,-18.701262,5.993655,-56.705414,-1.8306377,-31.583952,-7.843984,1.8734069,19.663363,7.265609,-16.102345,19.611647,-38.76325,29.58474,-20.364212,-14.147345,13.732904,-5.001069,15.86551,-13.374671,-21.272968,36.283863,1.184374,-11.135181,19.050161,31.897367,42.073284,-0.03563997,-25.3431,2.787995,9.309533,4.1985054,-8.620812,-13.035549,-8.677517,6.1783104,50.418755,0.7924393,-35.364304,-24.96354,-3.8848257,-1.9350206,0.9935858,-16.452887,-9.604831,22.398169,38.00198,-15.507962,-1.8150834,6.2817316,-0.2560836,3.85139,14.014128,-29.452442,19.940147,-7.387435,-43.83629,15.362095,-19.657084,-31.509985,19.29494,13.963088,-0.7507222,17.597694,36.552986,25.994942,-4.184477,2.4652312,54.566025,38.08069,-9.316137,26.748781,13.733871,6.7081876,20.907906,-1.7176347,-15.045708,10.645242,-9.028276,17.161049,-1.0
9.712055,-22.933239,43.27536,-71.56242,56.71065,-8.169267,-8.683588,-63.79211,-19.718012,52.20587,40.23594,62.50664,-19.393589,25.712673,-15.38958,59.36407,33.88538,52.810608,28.834805,46.54907,25.135874,-23.352835,15.836021,-87.60735,-5.5216947,-45.560764,-3.4091537,6.7817264,39.814896,5.224936,-32.320366,17.140589,-67.78016,41.895657,-38.855305,-21.41989,15.460265,-16.976698,32.686398,-20.926521,-41.672073,43.204075,-10.119147,-6.5134673,45.627903,42.10868,52.796497,-3.8264167,-58.81697,-13.473805,-2.9095247,15.401007,-16.865444,-21.192656,-12.223056,9.310353,81.07581,2.1438084,-48.655293,-34.280968,-23.840742,1.4836813,5.6990023,-28.301916,-25.89318,32.254036,48.428703,-17.605108,0.33702135,18.033815,7.251088,-11.89467,31.33836,-61.64207,14.064501,-3.312116,-67.77041,30.219837,-41.02539,-56.87231,36.98354,17.617437,-5.2607255,33.86376,69.094376,46.66502,-6.9413466,25.324986,90.39512,68.42704,-12.414108,50.843452,19.929699,14.632671,45.691654,-19.01327,-19.475859,9.954123,-16.865818,25.766026,-1.0
9.400571,-13.466441,30.29994,-67.02439,35.386326,-16.274544,-8.966974,-54.068527,-4.3766823,54.190292,20.917948,52.037327,-5.7704706,28.966627,-22.151854,58.370216,21.946114,39.37814,26.831436,29.096102,15.0043745,-16.147593,11.409474,-83.23942,-9.520204,-46.77134,-4.475232,-0.22621292,37.294132,4.789745,-18.42617,36.152927,-56.01897,31.978895,-39.783073,-4.6600533,5.0681677,0.12870072,27.102118,-28.004795,-30.336203,42.54394,-11.36991,-3.178737,23.909933,53.677013,48.47401,-3.630945,-54.498512,1.4823397,18.444849,7.488337,-4.853217,-14.430063,-15.850023,4.5087056,78.28344,3.7498708,-62.556183,-41.862694,-21.65738,4.738664,-7.3578906,-18.676243,-16.664623,18.635666,42.494766,-17.471878,-8.769015,14.26277,7.7430205,-4.2463403,15.520289,-43.309513,18.388344,-9.490891,-54.58249,21.606731,-30.752188,-35.904823,31.599098,16.514355,1.37477,30.743872,48.149662,32.248783,-9.315385,4.3013897,83.73183,55.10516,-11.849989,47.766895,9.15483,18.252535,36.38002,-12.778653,-20.283333,14.158241,-20.78822,22.725492,-1.0
7.617238,-18.937826,37.14734,-43.442043,35.026844,-6.4185605,-5.1124263,-47.39386,-14.203079,43.09423,26.0518,41.890366,-22.40097,18.748108,-9.261681,43.54383,21.404242,40.172806,13.15002,22.471134,6.7635674,-20.271486,10.741453,-59.7623,-4.0386686,-32.374474,-6.880676,9.572515,25.52601,6.8909683,-21.488295,16.873098,-42.136642,27.620262,-23.221708,-13.495456,17.107666,-10.363049,25.238285,-18.795958,-30.252266,31.873947,-5.8068933,-7.0874114,20.701073,31.408504,42.640305,-6.260221,-40.36849,0.26772714,2.3315217,14.382134,-12.277895,-23.027086,-5.585015,13.23971,55.922146,-2.565903,-35.805954,-30.89667,-5.3879814,5.2673883,1.4292172,-21.929398,-10.582715,19.683819,33.65069,-13.142392,-2.4517708,9.410305,3.0005932,-5.782208,22.359957,-31.897131,20.348007,-2.180999,-44.465744,13.553684,-26.754522,-43.76471,20.175016,17.298811,1.089767,22.85065,48.93685,38.338478,-7.351124,7.504567,62.427277,46.3915,-14.010539,36.75013,12.331772,8.992497,25.642572,-11.599893,-10.07133,8.0163355,-8.310035,18.95884,-1.0
9.186233,-37.013504,38.512867,-59.39216,46.351242,-16.260548,-4.3587313,-65.63705,-29.772787,53.30834,49.28684,52.808876,-23.755215,28.969023,-16.641514,60.671734,37.36684,56.946087,21.216595,17.894827,14.4931,-24.620018,15.872742,-88.42011,-1.9183393,-55.993664,-0.083551526,12.6594,27.635292,12.002003,-20.055492,23.892775,-57.191742,39.571594,-33.186012,-9.571367,13.809118,-14.019553,33.727676,-18.938267,-50.306095,44.118492,-7.3175983,-7.8695335,32.023724,45.191353,56.043465,-10.875601,-55.224346,-5.8217783,3.5566807,17.871235,-5.174029,-18.530855,-17.43142,14.765072,69.2776,-7.858,-57.88113,-40.687626,-0.5810442,10.599033,3.3491554,-28.906506,-26.350695,32.26392,44.073223,-24.269524,-3.1146562,8.451571,2.813032,3.0977106,37.23773,-45.8537,28.241045,5.529882,-68.278984,15.025588,-42.68077,-49.28076,47.876442,18.443714,0.6469805,34.34948,65.91984,51.86371,-0.6774791,12.515085,86.50418,61.99553,-12.319125,57.361237,17.725096,11.886147,43.67511,-17.539648,-22.91781,19.741884,-19.06671,24.107538,-1.0
7.474018,-30.433285,37.351658,-57.253613,50.14631,-4.739146,3.0984817,-60.893135,-12.384431,52.976536,42.6787,57.90203,-20.092457,35.080967,-15.970111,64.03482,25.272026,48.57729,30.030104,25.61888,14.630461,-36.911148,14.581149,-86.564476,-15.200888,-50.132458,-5.7919574,15.4266,32.14061,22.90875,-25.981758,17.466501,-65.27824,47.000973,-18.791706,-24.985847,13.673621,-10.828275,31.403091,-13.359967,-42.281715,61.82182,4.142915,-8.130593,31.160027,33.386208,53.135197,-14.751231,-61.60054,-3.5761657,11.282163,24.35798,-8.157294,-19.669851,-7.6432853,3.5164676,76.74851,-3.0121078,-57.42748,-46.193996,-6.5050845,11.742323,10.819045,-29.342636,-20.394365,31.568165,51.335426,-17.873173,-14.40056,12.345818,-0.23575369,2.4120944,35.63539,-56.44543,21.599096,-9.866654,-64.17748,25.310156,-36.884262,-61.655483,40.844913,35.6238,-2.9839048,33.91784,81.77018,56.831898,-16.05074,14.906869,99.22509,65.15539,-8.565844,59.513214,23.57812,12.18442,34.984142,-17.750256,-26.034512,14.9588995,-14.300655,33.37003,-1.0
19.755352,-32.771984,58.296253,-78.640305,61.104977,-11.604431,12.357242,-85.930954,-13.257147,66.1418,59.853287,66.0869,-23.538004,44.277912,-29.413528,93.55653,45.854298,65.1464,28.298061,39.856724,12.653735,-47.208233,27.225084,-101.16427,-10.452854,-64.580536,-13.533791,8.426985,45.890934,26.725355,-33.976677,32.090157,-75.12665,62.006542,-35.89676,-36.747574,9.734065,-11.4137945,39.94774,-20.778484,-56.77696,77.01875,1.8298833,-7.724446,42.818546,60.314148,71.33974,-8.790861,-84.59443,8.097764,11.472312,24.822538,-15.3868065,-44.017693,-8.328298,8.476128,95.40579,-1.9253991,-68.78209,-51.890705,-20.217896,6.527902,1.9665234,-29.115,-13.579013,45.71201,78.47803,-34.80154,-8.523238,24.867367,-2.442698,-3.8223228,44.50956,-71.2262,41.701218,-8.766067,-86.93254,40.888477,-51.10997,-69.49931,56.06436,35.191193,-10.110297,48.249786,94.00029,61.0628,-15.761256,8.832326,119.75668,85.21911,-22.584682,60.821297,25.90164,24.044489,44.273514,-24.596962,-30.51446,15.85124,-6.3560348,30.724379,-1.0
8.363758,-25.338192,31.308672,-61.10742,40.708572,-3.9187086,-8.080629,-47.70932,-17.212442,39.32322,32.1927,45.97259,-20.64874,33.765255,-18.780067,54.3569,28.088749,35.441578,12.688521,36.911526,7.360705,-25.499737,14.540277,-70.39541,-3.6939607,-36.572517,-5.381462,4.013895,22.84374,13.248903,-28.663605,11.271622,-51.576714,30.478739,-33.95601,-15.956944,-3.4440954,-11.713878,31.330294,-18.869158,-28.365026,35.678425,-5.6958556,5.3748965,39.692898,40.09401,48.90401,-7.2948265,-42.62203,-2.4351332,15.291978,24.015621,-7.4857802,-17.219362,-16.411083,7.1083536,68.906906,-4.2991524,-47.547153,-28.917046,-9.964703,-4.6532836,10.498486,-7.1495137,-6.7865825,14.108355,38.414803,-12.918535,-4.0137753,11.16902,6.948553,5.258062,21.548002,-40.212288,16.44844,1.1464818,-48.617424,25.340721,-36.68907,-35.131645,23.607517,15.8971815,-9.541702,28.382727,47.744473,38.324356,-10.50732,2.6763327,76.31286,59.450108,-16.146147,37.17958,10.811899,10.291841,37.442554,-9.08771,-19.60971,18.368982,-6.357311,15.017478,-1.0
10.571768,-38.363304,36.709194,-67.59815,43.919292,-4.48436,3.514507,-53.134987,-21.396275,49.210136,39.08782,45.972603,-23.121897,23.873259,-26.352997,59.746887,38.309765,34.59579,19.450033,33.56289,15.608185,-22.908203,22.46252,-69.30461,-0.6143125,-33.450962,-6.3575096,10.658152,28.814459,4.8698344,-18.004736,6.602692,-59.755856,43.06454,-43.07375,-1.8375239,4.825355,-12.649235,37.442574,-28.980883,-39.899147,55.469784,0.75415504,3.9582515,39.236767,42.79158,54.68246,-15.369863,-47.34827,4.2567654,1.6848232,22.376873,-3.9449265,-10.002759,-13.722531,7.0540957,64.92405,-5.487403,-41.252598,-27.732872,-8.603505,1.6029936,0.7000984,-12.51326,-8.031749,13.409714,43.83992,-20.87277,-17.734354,16.593681,12.2063,6.646039,43.442493,-49.1602,8.387113,-9.881536,-57.765903,29.547794,-40.399044,-65.92271,37.767365,12.972659,-0.7271774,45.24708,60.34261,37.62298,-11.405349,27.484592,98.639435,65.46382,-6.5687304,44.762653,6.101102,11.90676,34.453964,-15.744666,-18.837452,26.255962,-25.130823,20.525316,-1.0
20.208729,-35.062428,53.840786,-69.6556,38.089176,-2.9425533,-9.017862,-54.989346,-17.592546,52.7027,30.30142,62.7134,-26.135036,28.706127,-5.5269327,68.81206,20.761477,31.357344,27.61168,13.299614,9.599769,-16.721516,1.7394248,-96.021,-15.3443165,-52.381275,-3.239079,14.115092,29.704302,11.5397,-21.929762,22.680792,-59.49431,52.78025,-27.338459,-10.8378105,21.529408,0.11762944,50.169807,-24.462831,-38.272915,74.901764,-6.2992177,-10.442584,26.854738,41.24016,76.76555,-9.287039,-61.758736,-4.3608193,17.338388,20.478191,4.7757897,-26.739933,-6.844819,-2.7347217,66.789085,-7.2384844,-55.220474,-45.20475,3.418179,9.393662,-4.0701237,-38.098812,-29.590908,33.831093,49.491276,-18.183483,-12.463713,24.032097,1.5556724,22.753012,39.364048,-60.47746,18.749226,-14.960283,-59.60719,30.836834,-59.198547,-56.451435,30.043633,44.30003,4.3097386,39.234566,67.35486,67.369255,-9.128147,16.854939,107.519936,68.52766,-10.652717,49.090435,0.92718565,8.539916,30.270008,-20.86483,-26.900648,9.8231,-33.222176,31.874119,-1.0
11.723861,-46.961025,65.944016,-109.85583,83.15371,-13.643553,6.448495,-104.58576,-25.304638,92.038605,67.998276,97.453255,-29.80025,64.60715,-30.192026,108.42134,48.258896,76.39768,50.312023,50.16533,38.41009,-46.785595,34.134403,-142.24258,-15.591679,-85.86223,-3.3704395,21.831142,59.509,20.604408,-48.5484,39.3627,-110.58724,94.2874,-56.708733,-22.566208,13.615415,-17.847736,61.8449,-39.06325,-73.05181,95.35969,1.0919051,0.43940824,53.510292,74.22196,96.19457,-17.236616,-99.241066,5.2069926,13.022833,28.040041,-2.649958,-44.386845,-11.160607,13.074331,123.252,-6.237924,-82.90879,-68.46204,-25.393162,-1.2590269,2.386419,-42.62689,-31.768167,56.55334,87.91869,-27.005783,-25.786362,28.737322,3.521634,5.01015,56.54155,-87.583305,40.909264,-15.547873,-109.984505,56.733273,-83.111725,-99.19158,53.40953,54.975075,-12.770204,73.01248,119.59644,82.26052,-22.519651,22.05099,164.0459,123.671745,-15.143647,88.6931,41.99416,38.05667,60.922394,-29.139687,-42.843475,22.95325,-28.978203,56.117504,-1.0
3.6284266,-17.330055,40.766613,-74.32371,54.421597,-11.601848,2.1558619,-56.182785,-10.209803,58.426296,32.574497,60.041855,-15.906042,38.33445,-24.239237,70.28143,34.126347,50.479008,24.97401,36.666737,19.794292,-8.86074,20.877468,-102.19725,-7.1736493,-43.17731,-11.041143,-1.4934231,43.500698,5.349003,-31.651932,30.186981,-68.16896,42.99008,-43.05345,-6.7416244,13.058311,-7.6958504,26.30167,-38.89814,-42.837658,57.490932,-8.333036,-9.401919,31.766651,58.602505,50.595665,0.26994202,-58.659626,-2.6548088,17.379246,12.361392,-11.9713745,-27.111595,-9.169661,6.9598136,81.13972,-3.927783,-55.19042,-44.124104,-25.225513,5.6365232,-9.928943,-25.040543,-13.471263,33.550262,58.184464,-20.652431,-1.8676199,17.04212,3.2579696,-1.8839326,21.824354,-46.07948,25.173824,-6.956172,-70.257576,30.404135,-42.348396,-55.44204,35.28134,26.615482,-2.240961,36.84162,66.395996,38.716583,-18.847097,15.774321,103.41251,67.7712,-17.309778,43.040897,17.931337,32.782578,33.562748,-14.152065,-30.526525,13.74895,-27.371069,30.165955,-1.0
10.4416,-9.303426,12.348031,-47.311417,29.981236,-7.6923203,0.3479541,-37.30854,-5.6853337,37.893116,22.487736,36.744884,-10.888082,31.53786,-20.156216,46.156204,20.330374,39.97436,16.39967,24.124586,10.994306,-6.3336043,9.04982,-63.2418,-12.250062,-26.144688,-10.197975,1.181798,21.062092,6.6217165,-17.522564,27.07974,-41.810406,27.550213,-27.495586,-2.787526,9.439264,-11.703603,15.0449505,-18.529058,-28.29586,37.457336,-7.0781574,-7.395727,18.81879,39.849773,40.806225,-0.24617387,-36.55254,2.8180149,13.153922,3.2229395,1.6068562,-17.70796,-7.7005653,0.6471985,58.33863,-5.9997396,-42.003304,-30.98192,-23.342024,0.6446625,-2.1262536,-16.520176,-12.768048,20.356804,40.013683,-18.83985,-9.621083,8.616112,0.11417499,-6.990026,16.372154,-36.940998,15.575337,-8.748341,-39.312054,22.481173,-26.822863,-35.495228,24.311424,16.601212,-4.0433493,22.220413,38.286537,25.36005,-3.159938,4.539421,67.911514,39.489098,-10.587803,43.771862,13.819839,18.473053,17.16988,-4.5766296,-19.653244,3.0540853,-6.290364,7.396701,-1.0
15.99761,-29.602373,34.78002,-63.021084,39.785748,7.955104,3.5154886,-42.339096,-13.241933,31.52656,35.160923,36.119007,-19.238085,40.1923,-21.195694,55.848267,39.723625,39.209175,7.4133773,19.61497,14.614652,-24.956413,23.68968,-74.16173,6.888852,-35.93885,-6.5733304,5.2964892,17.556767,13.319973,-24.228317,22.005133,-48.438786,45.090855,-25.472921,-12.245681,10.797401,-16.530573,16.732634,-8.639402,-29.275421,53.080517,0.47822964,-13.7091,21.846191,33.96033,48.060497,-12.144695,-44.206345,5.062507,19.831875,24.362288,-6.519103,-29.822382,-4.929952,4.194309,61.188564,-15.9556055,-33.688908,-32.539257,-5.5776577,-14.697048,14.09472,-9.648519,-10.739972,22.488953,49.09765,-24.072277,-11.793086,13.203112,6.2926884,0.41869363,31.704481,-40.19641,22.723501,1.9565922,-38.312298,25.981426,-45.38811,-41.834522,22.122803,22.208767,-10.536078,21.77096,43.595295,27.332361,-10.45459,-0.5126729,81.14463,49.932846,-5.805098,40.51327,21.783327,20.361877,26.446722,-6.352872,-19.945862,18.238375,-14.361766,27.983826,-1.0
4.59605,-5.286879,7.6871295,-13.605814,14.128901,0.4301481,2.1194506,-18.201616,-9.578252,14.102782,15.572815,14.361163,-8.841562,10.918212,-10.230034,17.685337,8.373469,16.043468,4.7210455,8.197811,4.253548,-14.414643,4.3746223,-20.53758,-3.380872,-12.944816,4.747464,8.465107,6.8406754,4.904974,-7.5032096,4.05271,-17.476791,20.24462,-6.4694676,-8.43226,1.0654969,-5.902709,12.886886,-3.4875417,-11.300077,16.068905,0.004472792,-3.019319,11.562393,9.578884,16.447187,-5.0819154,-15.83367,0.9458897,3.0869403,8.579894,-2.6323862,-7.1549454,-2.3477435,2.506669,19.151112,-4.471324,-12.7906475,-12.05262,-1.7728963,2.2932608,4.9987664,-4.969998,-4.039493,6.769402,11.029943,-2.1871238,-2.1415703,0.4771387,0.8635339,3.327046,13.955452,-13.893957,10.802418,-2.5532284,-12.9764,8.050058,-11.623827,-21.768072,6.6813354,6.6788435,-4.9840546,11.888623,18.615711,11.725288,-2.8059592,2.378615,25.853725,16.744911,-2.7712407,15.077296,10.05413,0.94333816,10.7408905,-3.6018007,-7.4092193,4.5628924,2.9721713,7.948391,-1.0
8.39177,-15.447047,29.879503,-52.91448,38.04439,-6.577305,8.071414,-46.57559,-4.7037935,44.686237,35.641594,48.07516,-15.196893,37.461056,-29.222763,69.63848,28.64361,43.68529,16.204512,33.43976,3.8191931,-34.33444,16.607258,-71.277336,-8.511498,-38.306282,-3.124495,10.837709,31.3428,13.019588,-16.464645,28.893484,-50.721333,49.095753,-29.847582,-13.802227,14.308067,-8.9611225,21.66232,-15.806837,-24.120031,56.680553,7.644751,-4.0417075,29.90211,43.045242,47.499126,-13.077764,-46.122097,8.1198225,9.463756,8.587003,-4.8600855,-21.738644,-1.0914727,8.36719,63.57498,4.370552,-39.285946,-37.925503,-9.853304,2.202522,-1.048337,-20.713942,-10.17655,19.6339,65.66116,-20.93145,-14.040264,15.871589,0.30386546,8.12286,35.11671,-44.957565,27.975416,-11.597586,-59.27446,30.18168,-46.10243,-37.99222,27.989218,24.153044,-8.041755,34.18229,57.507133,40.491795,-6.9885,4.7871675,82.508514,57.62282,-21.00301,44.199383,14.155252,22.733942,21.942638,-7.8411164,-18.516361,1.1836526,-3.982413,18.571663,-1.0
17.06372,-24.654144,42.640053,-57.276943,46.477,-6.1048737,19.674135,-64.200485,-15.881252,49.77571,45.289425,43.87564,-11.803269,36.399975,-18.008034,65.89183,31.97242,58.39065,15.740728,19.809612,11.470907,-33.444084,17.066093,-72.27892,-4.1006427,-48.51998,-7.273046,5.278204,21.309378,23.461538,-29.788498,26.606745,-44.372627,46.136948,-20.739841,-19.49112,7.962812,-4.5085063,37.10426,-8.557905,-44.741932,59.743828,3.3379314,-7.3379016,32.849525,40.180035,56.557346,-5.708885,-59.360493,1.0786195,6.7743964,20.069567,-7.362242,-29.984655,1.0068942,5.0883293,61.856213,-4.7391996,-59.13469,-40.79131,-13.435161,9.688894,3.1023734,-19.646576,-21.066505,30.926096,58.096638,-24.31603,-4.0893335,18.015862,3.266395,0.9258013,35.75923,-54.76946,27.021297,-4.82261,-51.399734,21.852924,-37.704315,-51.67006,38.416855,25.055536,-3.669677,31.252485,65.36711,42.784153,-13.007642,6.6596394,92.80634,60.1996,-12.667255,47.600456,18.292137,21.043932,33.25351,-17.767397,-21.642582,8.527638,2.4925659,20.597015,-1.0
7.0922136,-19.194176,29.859444,-45.36831,35.349773,-4.0557814,5.015129,-42.212147,-14.681842,37.712944,21.118467,29.359127,-20.635288,17.876892,-18.185532,48.04051,26.419477,27.593264,15.457611,19.18483,1.2284037,-16.067308,24.298227,-61.29477,7.6569014,-34.414864,-7.218917,5.5678234,18.472992,6.674676,-6.5220637,21.370481,-34.613277,25.200201,-25.320564,-6.4325376,0.30290398,-13.280961,18.815344,-19.748487,-29.840097,40.15935,0.7292297,-6.320558,18.779127,40.144314,41.66934,-10.276058,-36.612232,6.1436467,10.592473,10.303824,-7.766687,-17.448174,-3.4560888,7.4621754,53.226875,-5.7862434,-36.85826,-34.112293,-4.9227114,-0.04146716,-1.0547031,-18.96696,-11.357619,14.847672,38.495068,-13.748873,-14.789381,8.306138,-1.9310132,-2.0435019,25.563808,-28.821047,23.387379,-6.6442204,-37.44805,17.161976,-29.483404,-28.20375,24.811836,21.234192,5.26729,26.229202,44.358135,30.25959,-12.845828,3.3131597,67.76034,45.35535,-19.159246,34.44698,13.119115,13.651537,35.15309,-4.3133955,-16.416866,20.059233,-12.432004,17.587154,-1.0
1.8561448,-12.930875,24.38668,-35.128178,12.721893,-2.9257174,-2.4268374,-29.949474,-4.151742,24.200384,22.007973,22.658792,-14.167134,20.322355,-12.228208,32.192894,20.848473,18.647234,12.091137,16.134571,5.112455,-12.999408,6.142712,-40.283443,1.3779529,-24.507996,-6.7768736,1.9324429,16.216352,1.371658,-6.729878,17.477018,-22.675182,20.932188,-19.2349,-5.8454795,-0.4388014,-6.1459885,16.161772,-10.622712,-20.584797,24.54949,0.3786028,-0.79425,18.305803,19.023375,37.05957,-2.2862577,-19.291143,-1.7468677,2.5626752,7.269541,0.7552848,-12.412697,-6.7847576,0.6725692,32.92117,-3.4762568,-19.352861,-20.914555,-5.6539655,-2.37519,-1.3168298,-8.686181,-8.340862,16.000072,24.529305,-14.52205,0.9944127,4.4622173,-1.8437105,2.600016,9.156476,-16.909033,11.323101,-3.9734752,-32.135647,14.610861,-18.66337,-18.078064,16.464205,9.224118,3.003672,13.061333,29.537418,17.967451,-9.154208,-1.2252939,41.59097,27.616844,-2.924891,20.214855,7.7386703,9.88457,17.452122,-8.441717,-14.0264,14.904956,-11.067965,8.600706,-1.0
7.634089,-24.10906,22.875114,-54.704536,34.9365,1.0530589,4.633127,-38.671772,-13.915384,36.74775,33.137993,38.64678,-18.07406,23.334642,-16.751217,50.26114,20.131653,35.312927,17.813519,31.454292,12.167503,-36.65552,21.37558,-50.483803,-4.1337285,-28.158371,0.8605808,16.829798,27.194698,11.451019,-18.615292,9.1745405,-40.5988,36.78964,-23.786968,-9.928438,0.8314563,-9.561351,26.707888,-15.08136,-30.664663,43.881584,9.959246,-0.51996225,31.558922,31.96066,41.225433,-5.6416883,-39.82665,2.8531802,3.6929998,24.76918,-4.5768695,-10.649815,-10.671431,1.6706463,52.723213,-2.4672492,-38.11025,-22.656038,-8.78356,5.810327,5.2753487,-9.1248,-9.599976,19.633636,41.043213,-22.306364,-16.304485,13.001921,4.7271233,4.0773287,35.11129,-39.133522,13.910732,-6.116821,-44.880657,22.030186,-32.032764,-44.47039,26.165283,21.34913,-2.4212103,32.493134,56.6444,39.448826,-2.845676,4.988772,73.9757,44.88878,-5.4163256,34.888233,8.829609,9.789201,28.981302,-16.140139,-10.808836,14.436621,-11.994813,16.948498,-1.0
3.7991529,-36.122948,51.97853,-76.242935,62.762955,-17.571302,6.942293,-77.648674,-22.402767,60.14669,41.152275,70.59851,-23.256733,37.121754,-26.18034,76.873764,43.712402,54.788338,27.42389,38.667503,8.76812,-23.050316,23.924519,-110.237724,5.2695503,-53.569447,1.0575832,6.609115,37.313026,8.503984,-45.99182,29.996992,-76.39931,53.89766,-42.492805,-27.217268,11.791823,-21.876665,41.88925,-36.51412,-55.618645,67.090256,-7.2380915,-10.354676,31.176207,59.720142,71.15371,-6.8848085,-69.277374,1.1325562,19.155312,23.247757,-5.4847045,-34.08032,-14.450009,26.118649,88.91835,3.4428222,-62.628433,-56.021618,-19.43576,5.244656,0.9755312,-27.24027,-21.156185,32.12926,60.57505,-25.446554,-3.343609,16.446875,10.364606,-7.245325,30.91694,-54.533825,35.696712,-0.65015304,-72.55587,32.145878,-36.786774,-63.945656,31.015041,29.293915,-3.8430398,46.662006,82.20464,50.285892,-13.308436,10.711792,110.8736,82.83436,-23.138956,55.136253,13.2919,18.101107,50.42702,-20.349813,-27.774256,17.119015,-18.156034,38.2404,-1.0
2.515675,-41.063965,52.200474,-74.856995,60.030754,6.1399083,16.566587,-71.50022,-27.95473,61.553288,56.342804,71.532196,-31.22081,40.472656,-14.864601,84.61717,31.412321,60.453247,28.2673,14.538712,17.678116,-34.491837,22.765154,-119.43336,-21.713066,-69.5745,-2.8448913,14.136156,28.896156,17.892958,-34.91795,26.105133,-60.936825,63.74084,-29.571573,-21.680704,24.659286,-10.989814,50.231865,-22.058187,-53.478546,84.353905,-7.5114007,-25.093569,29.340397,47.94059,76.99177,-7.0552006,-76.84734,-2.2313783,20.767805,27.646374,0.41199684,-22.124573,-1.5053809,14.964176,79.83132,-14.264962,-77.90531,-64.97534,-12.246691,4.0811353,5.778722,-53.036343,-33.085037,46.007656,73.09262,-33.8936,-23.843996,23.644407,-17.653854,1.3188448,53.73158,-56.15702,31.95454,-10.9432745,-68.937256,34.059013,-59.8837,-75.37865,40.257023,49.629444,-9.669929,47.47222,80.4964,79.4354,-18.763647,16.187458,123.76937,85.93818,-21.590553,77.576096,25.21575,12.152488,45.964508,-8.740736,-41.235905,33.33011,-23.929127,35.079147,-1.0
-1.7659787,-14.417626,35.589077,-34.649082,46.14293,-10.861551,3.7867062,-46.110516,-24.665216,45.662384,28.757565,51.54821,-14.129739,16.950245,-11.009168,46.861122,27.556875,44.48524,10.475657,19.388796,5.105098,-16.58524,15.536324,-67.32335,-7.9549184,-34.57018,-1.1284143,10.737639,17.86173,11.907278,-29.241138,20.430595,-45.60985,31.551634,-16.01183,-24.399933,22.252691,-14.716122,22.697554,-15.122767,-31.274385,47.471237,-7.1832056,-10.187993,9.007822,30.934193,29.447622,-3.5200837,-38.399117,0.165149,1.6691622,9.221872,-8.782978,-20.250374,-0.45073467,17.54435,56.0551,-9.870063,-39.633095,-38.59131,-7.8563876,9.176641,1.2244343,-25.407099,-19.183521,20.554317,32.449596,-24.182577,1.6938825,13.536224,2.7053683,-10.529656,31.97412,-35.627735,19.137262,-2.573147,-47.133846,18.149773,-29.57623,-39.157333,16.429096,20.028477,-0.42056343,14.220792,51.08668,41.569317,-5.370328,9.067465,67.9774,43.319088,-20.328522,42.20625,21.364681,10.396858,21.60356,-0.71461904,-8.9156,3.2150671,-3.0750115,25.09963,-1.0
4.7595596,-14.403634,18.33008,-24.944298,28.399515,-4.8720818,4.3869214,-32.929478,-13.877296,19.806358,18.24334,26.8092,-11.499568,13.562918,-9.5454,30.520884,13.788387,23.035273,7.263955,11.469212,2.4771419,-16.986603,15.867969,-34.537388,-1.6046591,-19.72572,-0.50665313,2.392686,9.936306,11.605965,-22.597857,10.732258,-20.782673,16.926785,-16.295937,-10.7713,3.9764292,-10.635202,20.72714,-9.769971,-14.602843,25.923912,-2.4468331,1.3584774,18.937468,20.905392,28.036598,-3.235476,-27.36102,-4.8922625,7.156227,15.1856985,-4.9141264,-13.16827,-6.435244,6.84343,32.29696,0.18218176,-25.050293,-20.310965,-0.87597233,-2.0207489,2.3974338,-8.169711,-8.686363,11.418264,22.833405,-6.484862,-3.023724,9.197952,-5.1339064,-1.008655,16.146414,-18.92417,11.877906,2.090572,-19.67245,12.342398,-16.037363,-26.037855,9.311521,11.586257,-1.6476353,13.155283,28.321846,19.58741,-4.225934,2.3819554,34.73175,29.376467,-4.4314175,22.688828,11.291817,6.4005933,12.62564,-8.629543,-8.554973,4.7080855,-0.946562,14.088468,-1.0
6.284417,-56.853123,61.781708,-103.9384,71.395615,-6.1218557,10.452431,-75.45693,-37.54315,73.09659,58.16232,80.67788,-35.01927,36.21002,-29.911316,85.38684,48.869583,63.612236,32.62534,39.13808,19.03562,-38.657818,30.467787,-108.989204,-1.4640224,-54.601593,-7.8225536,23.393097,50.42481,5.009824,-43.233387,11.581655,-88.27727,72.44594,-57.990864,-19.49578,10.659878,-30.495533,52.814346,-35.074474,-59.38599,81.50684,1.3272189,0.15168999,51.629936,51.755367,72.24795,-13.460845,-77.1082,-2.7202477,8.89027,38.492725,-1.8369058,-18.732622,-8.839153,10.901515,83.260216,-17.23463,-71.713234,-40.039276,-22.05769,0.38115782,-4.2825704,-26.8135,-21.829967,31.547651,68.216545,-29.989094,-19.994024,23.907486,12.501132,10.291405,70.31542,-77.066895,15.179047,-13.112571,-95.82376,52.212337,-66.098854,-95.74429,47.998604,26.829884,-1.8920736,46.48831,95.643555,74.97116,-20.381842,33.058586,132.56422,98.390625,-2.11204,72.26845,10.364297,23.952673,54.77612,-25.174292,-17.233755,28.640285,-30.943169,44.717464,-1.0
1.2263434,-11.6172,17.883305,-36.511913,23.565893,-1.560528,1.3061769,-28.979267,-10.739073,32.663902,20.114697,33.516476,-8.202021,15.395076,-10.721272,27.079885,13.92426,29.160225,10.83787,15.43093,14.292528,-10.681997,9.10278,-51.245407,-2.352427,-24.812782,-4.6542125,4.9899716,18.78839,9.082698,-8.13467,13.932073,-34.56334,12.5338955,-16.848446,0.6265645,4.0996084,-9.56679,11.123125,-10.871881,-23.899187,32.47224,-9.6843,-8.754406,9.187493,25.667698,20.149784,-2.449697,-28.513546,-2.5649052,8.992867,9.6300335,-5.7554154,-8.0000725,-5.6016016,1.707112,37.98344,-6.365546,-29.285755,-20.736725,-10.607023,0.7559978,0.8544541,-15.267286,-11.883504,15.249337,19.44107,-8.447458,-5.0675397,11.265301,0.9711889,-3.1173105,17.698477,-24.749584,7.6383967,-0.541308,-36.285522,12.974334,-22.892952,-31.579317,21.082153,12.731764,0.98615885,5.24868,32.81431,23.97088,-6.543194,5.4503384,49.9924,28.348993,-11.100534,38.00367,14.423354,11.169705,11.002451,-0.057989813,-16.217924,12.927007,-5.919946,13.849513,-1.0
12.616426,-12.149615,18.858446,-30.951145,23.677809,-3.7799273,-0.8908221,-28.722694,1.4822177,33.183327,31.30201,22.67612,-10.5787735,27.165356,-19.095606,47.154167,21.125591,34.51135,11.882217,19.77157,-5.3355894,-29.682642,14.89671,-42.93408,-7.470236,-21.115961,0.14020476,7.148315,28.396837,10.70074,-7.6123323,18.890661,-31.231577,41.788704,-20.215254,-12.851133,4.5640936,1.3723257,18.136993,-7.138017,-15.874494,40.02518,8.451766,-1.0201077,30.026606,27.656084,29.232208,-9.625533,-26.55984,11.070273,3.953532,9.585809,-1.4188367,-14.733674,-1.2689397,-1.015451,43.393833,-0.8677696,-24.305323,-25.177298,-8.585879,5.9858637,1.7933853,-6.97951,-8.814043,11.625823,47.14839,-12.053934,-12.194948,13.348828,8.582691,8.501461,26.225721,-35.427685,19.716146,-7.160571,-42.379818,20.22937,-34.54424,-27.44096,23.716688,17.05554,-7.590639,25.292423,39.487015,23.47511,-11.6744795,-0.59682715,64.495125,37.832623,-15.535889,26.57477,8.688045,18.07975,15.736664,-9.21446,-13.105779,1.8077834,6.8691096,8.407658,-1.0
-11.870182,-8.830179,17.17522,-40.449295,33.961727,-0.98852575,3.4125943,-24.831553,-10.152939,37.73694,26.354668,37.35132,-15.795706,15.970057,-14.7528,37.388954,19.223124,25.93059,16.833796,5.8795705,9.742171,-8.089061,19.446844,-62.81573,-1.7057326,-28.791153,-0.8854426,5.61749,13.4757,13.294701,-6.9388943,18.856407,-41.091404,27.89021,-8.593246,-12.491636,20.91449,-7.486311,14.871161,-25.884974,-22.044605,38.337963,-5.1620812,-17.486057,6.1140194,29.975761,28.834309,-5.576647,-27.151423,4.4947886,8.158759,6.5214996,-2.5951653,-12.190831,-5.6358323,13.268554,46.386032,-7.3673873,-29.186977,-31.52747,-1.713399,5.5982265,0.47250026,-25.533073,-12.012177,27.834587,35.37873,-15.110862,-2.3579953,12.786978,-10.441799,0.043594807,17.335619,-27.16,16.590162,-0.16250598,-29.26267,11.462348,-26.661575,-30.427242,20.709072,18.84841,-0.8414805,19.919615,40.287136,32.192787,-9.547341,14.236776,53.680897,35.730145,-22.569067,41.365948,13.171645,9.328473,19.126492,1.7485052,-8.782422,5.7252746,-11.200668,16.601358,-1.0
17.788406,-24.03471,26.312649,-52.909176,35.217186,-5.385595,11.632112,-55.477726,-5.1569157,46.080666,39.002663,44.65978,-13.352784,40.847042,-32.335434,66.45298,21.09881,39.357918,14.052941,26.00584,8.996369,-39.848145,18.311909,-68.35849,-4.33373,-37.552876,1.882582,7.2674956,26.723139,25.79325,-25.120392,24.172068,-49.069218,57.45823,-20.35211,-12.626164,7.4636207,-5.2611732,27.16451,-16.671955,-25.712257,52.463154,7.0527077,2.95454,39.422165,36.72952,54.50452,-12.149645,-49.99699,2.409297,8.818294,24.101116,2.2271447,-25.243002,-0.6790737,2.5293987,60.61689,1.0611342,-45.900932,-35.349648,-20.932297,6.634533,3.416431,-12.201337,-5.662851,18.545343,54.231472,-20.218752,-14.083424,17.330778,0.44059706,6.453911,38.39944,-44.430122,32.77814,-14.419037,-48.348484,22.83107,-42.717304,-51.647896,33.367016,24.361834,-14.580845,37.96246,63.986816,40.625286,-17.857313,9.990065,89.713425,61.829597,-12.831854,36.34883,15.750182,19.294432,20.399008,-22.488995,-23.760202,6.3385224,-8.17848,24.556429,-1.0
14.911199,-27.36367,27.80251,-53.463665,31.890137,-6.0057616,0.6795541,-44.624855,-15.977956,41.722134,29.076506,39.268574,-17.015882,21.60559,-19.133717,48.762554,24.51425,37.00411,17.612514,25.65442,10.635697,-13.381498,14.06493,-64.96422,-0.49335614,-35.567093,-5.0222683,9.742416,26.517105,6.1753564,-6.773396,10.836591,-38.99958,25.20777,-28.532299,-13.356601,3.3273191,-3.0032673,29.100748,-19.177399,-33.014156,38.230354,-10.120245,-2.0388975,18.2403,35.169437,42.525608,-1.7466058,-35.840733,-5.1633897,13.339517,17.738272,0.14361298,-11.784995,-8.794723,0.1896396,58.847202,-1.9274981,-43.013386,-27.23865,-12.030285,7.015545,-0.28393793,-17.576708,-10.351761,16.42919,37.638947,-5.642851,-13.130121,3.0486364,-3.4448783,7.965547,25.549046,-40.82584,14.82808,-1.4018812,-43.319782,21.37296,-33.308346,-36.26728,31.223948,13.225775,1.2268549,21.38726,44.36969,29.416636,-12.817914,4.056022,72.57367,45.07256,-8.009084,40.750282,3.3262327,8.752548,25.730354,-6.944198,-17.522245,18.003628,-10.071932,13.084042,-1.0
