25.472593,-46.37212,63.615135,-125.25637,62.925694,-5.456511,-1.5839689,-99.26581,-19.944004,99.1879,67.01758,92.63489,-33.926785,72.485115,-42.02967,110.67676,51.432507,84.760635,48.174664,53.33209,33.516586,-38.13995,10.928648,-146.25967,-21.068312,-87.452065,-2.3338273,16.873474,55.97554,23.983925,-48.266136,49.022736,-101.72925,88.17766,-68.09459,-19.699657,23.620855,-12.001669,48.690308,-46.253223,-78.20563,101.501625,-6.706216,-16.470009,57.08406,81.50475,107.75071,-8.344488,-94.80602,6.3917074,17.732061,28.918234,-6.171453,-48.185802,-11.320667,2.2499404,133.77095,1.7590661,-99.56132,-67.31393,-35.422024,17.290148,-11.06159,-41.67116,-27.691711,51.731987,105.77044,-28.491457,-17.291767,25.876228,4.1147017,10.67548,57.71988,-94.94188,49.690037,-7.855378,-97.1686,43.39638,-82.50491,-88.90245,64.257835,45.83029,-12.188112,60.009964,111.77522,77.53806,-27.451029,25.8534,167.96736,128.7213,-18.599985,81.45239,21.93939,32.91037,50.215298,-36.267044,-39.530735,12.833269,-28.72711,47.42044,1.0
11.772801,-35.205482,43.835392,-74.72553,38.03483,-4.4142056,5.464158,-67.86404,-18.99319,68.859665,41.99847,64.31665,-24.610117,39.87111,-23.076025,72.02293,26.953476,60.453358,32.252872,36.346943,11.0858,-25.618176,13.016251,-92.877335,-7.6217403,-44.325558,-8.89531,9.719407,31.365686,10.832301,-36.80154,22.883873,-58.073536,54.11258,-40.93374,-21.177347,10.18831,-7.445439,38.64072,-22.812847,-49.226116,60.04395,-15.92394,-10.074824,33.402046,51.690037,62.062256,-7.719555,-68.561844,-3.2152903,8.040051,24.705265,-5.5329356,-35.02628,-5.471704,18.39413,78.110275,-5.1226974,-63.02323,-44.35768,-15.89618,10.884087,-6.4095864,-30.635935,-22.07879,25.53092,52.40422,-13.878864,-2.1766365,15.091596,8.326919,-1.8508569,37.377674,-48.021797,26.434256,-6.0051436,-62.285698,23.880936,-49.599075,-63.74282,31.603,25.7525,-9.511712,35.925426,64.16032,55.087494,-10.956498,11.123641,98.95614,74.3016,-5.635768,59.447495,4.45772,20.007992,33.273903,-22.70417,-15.292146,8.186204,-19.97278,29.356564,1.0
4.7739816,-34.273705,43.906654,-57.344757,35.753708,3.944758,-14.023116,-49.918568,-5.995064,51.651684,31.624018,51.616917,-25.161144,28.711672,-14.878906,51.458122,23.776447,31.81943,26.829624,15.565917,15.841692,-19.659504,7.5426455,-78.9986,-21.044704,-55.292202,-5.608285,10.228605,31.254175,14.206642,-23.817646,24.156073,-47.042492,48.42215,-32.045677,-7.0185795,12.453312,10.861111,40.65042,-24.090662,-36.13236,64.48668,-12.7738905,-0.93599266,31.9956,27.362133,66.11343,-6.3806415,-47.09103,-9.244148,18.242537,16.440462,-1.7816124,-23.034975,0.58655286,6.6944323,60.009663,-7.8402376,-43.10843,-29.989212,-10.320066,7.0701065,-9.418214,-29.41747,-11.722076,21.348074,48.961243,-11.975116,-10.67832,13.378588,-4.1886067,23.970016,21.857216,-47.117405,8.233019,-19.608667,-55.60795,31.251059,-46.25258,-51.44461,27.901417,30.359327,-1.585404,28.744442,64.05122,51.968998,-14.560686,10.097958,89.260254,71.710846,-5.103109,45.69078,18.636578,14.769791,22.833904,-25.311321,-29.215464,4.6648364,-17.605524,19.177992,1.0
3.0919356,-26.11677,33.231846,-53.12498,34.10856,2.6742647,-2.4209719,-56.198162,-18.697577,52.009903,36.354305,45.57091,-20.131235,23.177862,-17.662542,52.6839,24.4229,36.737328,22.85886,16.855312,8.852485,-14.722029,19.172234,-79.28293,-14.203865,-42.138206,-4.917448,16.4809,22.764345,12.505164,-18.29607,25.225481,-41.831593,43.895267,-23.358538,-17.151913,9.064602,0.21227163,34.0907,-19.9962,-13.972892,59.093346,-6.8019667,-7.644093,34.599174,28.147396,47.60038,-3.2077103,-49.080204,0.88324606,15.416346,19.382519,-5.0334806,-21.665993,2.8201091,7.283636,56.34934,-1.287544,-45.01844,-32.417164,-10.697505,11.130063,1.7621572,-16.212217,-14.937746,26.215967,44.84641,-23.455988,-19.334896,19.85973,-4.6194997,17.252947,28.63109,-48.713596,18.139275,-16.406715,-39.95258,18.4272,-41.051846,-43.1503,32.50479,28.444517,-0.22892207,32.748726,68.537704,53.946125,-14.45219,16.836355,82.88657,59.7683,-11.110146,48.844234,16.660534,10.583819,29.89792,-18.293324,-24.79623,8.946033,-5.5696816,20.513882,1.0
5.1060305,-11.54681,23.26384,-32.418472,20.200232,-1.9565494,5.640915,-30.220915,-6.8890657,22.625845,23.213202,28.314024,-10.455911,16.823835,-8.368808,30.642597,12.281415,24.060831,14.851962,17.743624,4.8587923,-10.919542,5.268229,-41.311295,-4.3039217,-19.01761,-2.5836368,2.6399918,13.353341,9.898909,-12.510885,11.641537,-22.389896,23.060219,-14.812343,-9.50011,9.108138,3.6254828,15.551764,-12.813286,-26.444283,20.302282,-6.3494487,-9.00955,11.544485,18.629839,30.3776,1.2614852,-28.698036,-4.648282,7.1649213,8.33989,-6.0981903,-12.599599,-3.615127,3.2065523,30.881231,4.049602,-31.730032,-15.16932,-8.167628,6.3258905,-2.7884946,-16.25971,-3.4661076,17.327084,21.878574,-10.667087,-0.7269427,4.6128745,-2.5900292,0.37584192,12.252348,-21.640339,10.595652,0.27768654,-25.462255,16.154663,-9.487493,-27.512972,9.764456,7.989898,-3.3701012,7.2661934,29.938906,21.019308,-6.353075,7.6491046,39.564484,25.532433,-4.0419765,26.102936,4.337906,3.9264927,9.365877,-2.3951845,-13.416376,2.090978,-9.7190695,11.645729,1.0
10.908327,-21.87969,31.386274,-42.22742,26.609081,0.64966035,-5.542925,-39.677418,-3.8252404,33.863342,20.308468,35.96828,-17.106619,23.952278,-11.394076,43.328293,17.976648,31.596483,20.497421,19.434568,15.630492,-15.829814,3.733261,-56.644527,-13.402865,-29.376833,-6.8108172,2.410691,22.639578,9.233623,-15.9757595,24.60036,-33.621536,41.27854,-29.544252,-11.054466,1.4702035,-0.25114894,31.897633,-13.185972,-26.15937,44.12745,-11.661612,0.34675163,28.671719,28.30047,45.05117,-5.3460536,-41.01237,-6.03964,-0.08238888,12.752095,2.1094608,-19.146967,-4.370124,-1.1836996,43.943188,2.107653,-30.355715,-23.271404,-18.889305,6.579256,-10.654244,-20.120327,-10.019871,26.225376,41.250793,-11.315607,-0.9900415,8.352087,0.06136185,13.609349,15.77856,-34.063244,12.066921,-12.410728,-39.643147,17.813206,-31.226892,-32.938625,19.70772,17.057056,0.9718603,23.06292,47.474754,42.13236,-14.493874,8.472279,68.702774,46.453938,-1.2596903,30.961115,7.8285594,13.581277,19.837553,-23.748907,-20.97577,9.329742,-11.529286,12.449203,1.0
0.34406754,-18.28258,26.060654,-47.24988,24.87718,-0.863968,-1.9475298,-35.605934,-9.968025,43.396782,12.495678,41.29362,-4.2226276,20.821987,-18.499058,44.305923,21.897747,38.4576,16.22619,21.762001,13.733773,-4.2868743,-3.7307656,-66.00683,-3.6140227,-29.046057,-11.367574,-1.9908667,34.29046,1.1026565,-15.835456,30.480104,-32.72059,17.366325,-30.138845,1.503747,0.28104615,-7.115178,20.226732,-31.11426,-31.650599,27.412184,-17.700676,-6.765363,16.374096,37.20901,43.767807,-1.2457999,-41.298714,3.405001,6.229018,10.752703,-2.827466,-27.291384,-9.254764,6.727459,59.95466,-1.4853969,-35.73895,-32.3347,-18.77528,2.784874,-10.473764,-19.790184,-6.2362957,17.437134,37.409515,-12.925449,1.5577412,18.448872,1.2846333,-12.984438,11.645716,-33.191887,9.055953,-1.1519542,-41.976562,15.650307,-20.721046,-34.735523,25.387493,11.354258,9.3443985,15.16828,34.100803,22.87789,-14.694262,1.146343,60.49698,41.96456,-8.546196,36.65946,6.7599316,14.133729,25.017431,-3.4355366,-19.344233,4.792548,-15.432254,10.593114,1.0
8.145286,-4.437292,13.370174,-27.5487,22.411419,-5.687875,1.1882174,-22.372381,-4.800154,21.639711,10.889475,19.188585,-1.6059439,14.94544,-7.904724,24.425959,15.977576,15.9908905,9.635543,11.531531,12.671502,-4.4387245,5.2186127,-31.852665,-2.5855894,-12.083174,-4.131164,1.4989352,18.371536,1.987857,-9.165647,10.862932,-23.081465,13.074854,-17.368263,-0.022588253,3.6279776,1.139454,9.041212,-12.850003,-12.355178,18.24508,-6.776183,-3.9070814,9.919179,25.760191,19.5569,-0.47901887,-20.002935,1.667271,4.6355033,2.909198,-3.8705647,-6.2218356,-3.871948,4.782403,25.28007,1.6294458,-25.856316,-12.509098,-6.6682124,5.3663535,0.79944116,-10.403021,-6.2405453,6.93533,17.588173,-7.1436005,-4.658122,4.7476726,1.550854,-3.6743972,9.9235,-17.211054,10.036063,-7.982811,-20.398079,9.719118,-15.133214,-15.861894,14.034028,10.952924,2.9431233,5.849797,19.821035,14.608205,-10.821152,2.006467,36.728443,21.14916,-8.543591,18.841238,6.316381,10.523711,13.641078,-6.415703,-6.821671,8.395945,-9.941606,5.900305,1.0
7.9048896,-17.120098,34.269302,-49.93988,48.025677,-9.03973,0.6911135,-59.021713,-12.330201,46.312855,32.855534,47.74312,-14.76882,29.364012,-12.287035,48.793648,22.607023,41.466217,21.650572,31.049606,10.73856,-23.218199,5.2141824,-71.7073,-2.0759783,-36.738754,-5.5354123,2.6078353,32.521145,9.828123,-37.448162,14.519465,-50.20112,47.51728,-31.053965,-21.905859,5.2084084,-10.435349,29.427633,-17.91773,-39.638725,43.22674,-6.195301,-5.1429224,30.522938,43.73522,46.21654,-4.729912,-57.91413,-0.9893169,11.06963,13.269987,-6.1613293,-31.810284,-3.4384842,18.1523,60.443943,-4.00003,-49.255875,-34.08666,-21.600534,4.9050727,-1.7958301,-21.810299,-16.718437,19.92057,37.035793,-6.80521,-2.8532615,15.783194,4.1638865,-9.06018,26.020824,-40.543427,19.090372,-1.2078036,-59.98671,25.179724,-33.06831,-49.349606,25.179394,22.658997,-4.3059626,24.944572,54.458458,40.76507,-5.755338,10.26801,74.76436,61.96026,-6.935487,47.949768,12.450292,12.823064,31.282188,-17.15193,-17.657375,3.063538,-13.745366,32.198273,1.0
7.6020007,-13.42413,33.706184,-42.06184,30.93805,-16.285475,-3.8679848,-47.115555,-6.016018,37.595066,25.493029,33.50267,-21.159323,21.165176,-17.663315,44.56937,30.577623,36.58865,21.02834,33.440254,12.3131,-18.080204,4.2569885,-56.847607,-6.6217685,-36.892048,-4.652302,2.6338112,25.438808,-0.11618531,-19.528074,18.952995,-49.684196,39.886284,-33.188442,-15.392691,18.05816,-8.167229,20.147884,-16.82551,-39.22137,39.394566,-1.9436245,-6.9803376,25.003153,43.221493,40.89861,-2.3153105,-39.772556,1.8633713,4.4600735,2.0958867,-3.6100397,-24.40951,-11.927383,8.490358,50.49024,4.554685,-26.300465,-23.804085,-25.574944,0.60192597,-4.9015865,-17.23982,-5.323779,26.77856,42.280308,-8.273574,1.2444887,4.629507,2.1274498,-3.2612226,14.19521,-39.525803,17.759186,2.4770787,-45.11117,27.154387,-21.96312,-37.384308,25.625784,10.976715,-6.134569,18.624945,44.98778,19.32805,-5.245208,5.0097094,59.885036,47.487,-8.790384,28.689632,11.169533,19.436033,18.503696,-17.443754,-17.066248,7.431948,-13.727138,12.328181,1.0
0.5442279,-3.856495,10.266777,-12.301745,10.362462,-3.6435444,-0.38994804,-13.466499,-2.0239556,8.711028,5.888233,8.976124,-3.20906,5.325178,-4.5701737,12.4363785,6.9428363,7.1905146,4.656591,1.8758609,1.2435772,-1.3703569,2.2652087,-19.930334,-0.29036713,-7.465013,1.1408521,0.89498097,5.5009665,3.928069,-5.8609657,5.554381,-9.646128,9.826386,-2.5951498,-3.5671868,5.12352,0.35382187,6.3180776,-4.441033,-9.498793,7.5627646,-3.6224265,-4.199579,5.4839597,8.246038,12.187486,1.8805488,-10.994024,-1.3250281,3.9463353,0.7417842,-0.14702699,-6.3475256,-4.780857,0.041024,14.386543,2.6977494,-10.242632,-8.539276,-2.222157,3.152397,-0.46210095,-7.7734427,-4.8602643,11.680071,10.731347,-4.482953,0.54310095,-0.29936987,-3.0745473,0.27973697,6.1331406,-8.842523,3.4060578,-3.2057517,-12.199959,4.9358773,-5.7363286,-9.213562,1.3059199,0.7851041,1.186087,5.275656,13.210621,10.378132,-4.2987957,0.66062695,17.901989,13.243479,-1.625111,10.569788,2.6251457,3.9516244,5.34629,-2.3227124,-3.4035566,3.2024438,-7.2777166,3.8456197,1.0
14.59695,-18.977854,55.011852,-103.38201,59.976383,-21.116829,-13.32028,-81.175316,5.749748,77.57383,46.935604,89.04584,-21.839724,57.45532,-48.87964,92.46619,51.13809,69.6679,42.748703,66.72232,20.149979,-29.25203,3.4311652,-124.101875,-6.7811995,-66.34515,-14.654921,-0.25440598,61.349762,20.090244,-22.900177,48.877605,-88.85408,58.685574,-62.284664,-7.479258,16.112915,-10.791527,34.568897,-52.667698,-72.310936,79.30613,1.8171589,-12.778965,39.086723,85.3034,89.95675,-4.996995,-73.92659,14.067711,26.743176,18.832617,-2.5705307,-43.919567,-26.757408,7.1945977,109.38249,9.949967,-80.004555,-53.522007,-42.80917,13.286708,-23.25378,-39.13122,-12.259479,30.843733,86.08906,-25.875118,-1.3991398,16.410803,8.557876,-2.0834525,28.970348,-71.11885,33.285942,-5.9658394,-106.967865,40.764687,-52.27926,-68.22651,62.57848,18.993822,-8.666456,37.338417,82.56328,53.49066,-28.092392,18.053967,150.32426,77.82907,-22.180428,60.251892,19.865105,38.565926,36.024788,-27.217045,-39.060497,26.661465,-25.057253,22.346956,1.0
21.27793,-42.238243,71.378685,-158.92743,87.59936,-30.373264,-3.3496594,-126.029396,-0.91812354,117.43592,68.31914,124.25452,-32.784187,84.02185,-60.512554,136.63683,70.581245,119.8829,66.73301,92.226425,33.788055,-42.961952,13.32289,-189.30055,-16.723501,-93.23587,-25.415306,6.475013,92.137314,19.925959,-56.146534,75.385284,-123.070465,105.89312,-99.507355,-24.892044,15.3871155,-7.268639,60.18512,-63.01601,-108.149956,116.06712,-3.2023683,-14.317366,68.46229,109.75398,132.50069,-1.6742826,-121.83248,3.0049455,26.423708,40.321175,4.505248,-75.82118,-27.52519,12.9890995,158.16852,15.339463,-126.46773,-79.2152,-74.324936,25.70505,-35.566994,-61.311195,-23.878138,52.931854,130.1421,-26.979614,-1.640999,24.619816,13.942339,-9.967926,55.868263,-105.854904,56.32148,3.0755694,-147.90321,62.893475,-79.77304,-109.26575,88.97993,46.64421,-5.248211,51.087414,117.29852,81.32972,-44.54727,27.55193,221.15488,133.23405,-16.658598,95.72687,18.203405,64.61781,60.934258,-47.06789,-55.13894,25.661108,-44.285023,43.397545,1.0
17.62447,-39.988705,53.22254,-85.79528,69.9989,-2.8604207,-5.7035584,-76.376335,-11.7775955,76.34726,65.34638,66.80316,-36.518833,65.90058,-50.75277,119.26579,53.895687,85.84989,29.50256,56.31156,2.444296,-62.66016,34.670227,-122.215576,-5.334389,-69.728065,-6.297818,23.337372,46.54157,11.750344,-32.520336,48.678814,-75.28109,88.93309,-61.88234,-24.16431,20.365107,-21.326645,47.429035,-36.979992,-57.980072,97.505,15.733197,-9.019195,46.937042,73.758,83.09909,-25.7302,-77.13052,16.624376,19.219675,27.840569,-10.499689,-47.08117,-10.383899,-0.83299094,115.23021,-18.025078,-70.26073,-62.94637,-14.870208,0.9892757,2.7933002,-37.344906,-16.031162,40.13308,98.77059,-28.9017,-23.925627,21.58341,9.718932,18.894749,72.57147,-81.02341,47.29673,-14.095702,-89.93533,45.45001,-77.255394,-82.35503,62.79988,40.00989,-18.394793,45.304596,80.01795,60.412647,-19.951847,6.1528783,157.91377,99.57216,-22.983084,71.34905,30.836533,32.146366,53.532833,-8.711397,-48.076645,23.994644,-11.965228,32.586395,1.0
-0.8839076,-15.862594,27.196709,-50.514122,30.93351,1.5862119,0.8223685,-33.338337,-4.5502234,47.722828,24.970598,49.189045,-13.760253,24.298435,-14.815374,52.939285,19.732979,31.895176,24.753078,9.199156,7.220289,-5.8035316,6.492264,-57.25644,-9.660604,-28.715889,-2.5847821,10.783298,26.759008,11.002433,-18.292612,29.904951,-30.893946,30.116974,-26.265474,-5.5106645,8.717539,-2.8097036,27.044477,-14.50666,-25.95491,36.703884,-6.821831,-12.411181,7.8343306,30.994762,45.822544,-7.357278,-36.53202,7.621809,11.183215,8.579508,7.1569014,-27.51891,-5.854775,4.056153,50.847687,3.7788267,-36.697018,-35.837803,-10.869483,4.3701262,-9.965127,-22.108845,-13.833902,20.991827,43.525604,-13.868754,-8.427012,17.31315,4.495516,-1.4814965,25.97824,-40.037354,12.907344,-5.308386,-36.575314,25.2569,-27.058567,-33.637436,27.376835,18.349215,4.8628654,14.162348,37.295013,33.77651,-12.525528,5.061516,75.04343,40.30683,-15.422238,32.045296,1.9267157,11.873407,14.745849,-7.890393,-12.670088,-2.744828,-4.6048784,8.84125,1.0
0.49973387,-3.66114,16.160927,-27.890793,16.232029,-2.8729286,-5.3874435,-24.86865,-4.0709715,20.688555,13.541449,21.871382,-13.327793,12.709644,-8.820634,25.695318,17.353361,13.378608,14.590825,16.61353,10.878024,-1.6617203,0.07966386,-33.67964,-0.04052499,-10.187712,-2.0445209,-5.1642094,19.094809,-0.93985987,-12.576073,7.0123005,-27.019865,17.11502,-20.759483,-2.1702116,-0.89633346,-2.9748542,7.3677173,-14.209472,-16.984081,20.34846,-8.537518,-1.3721862,10.177113,22.904428,25.705683,1.0947083,-15.702696,-0.36783323,5.670266,2.8035507,-2.0865192,-6.5829363,-9.026773,3.0379083,23.052256,0.3289768,-16.274338,-10.725339,-10.657154,-1.4451723,-1.5449698,-8.297671,-6.1521688,11.796614,15.475423,-4.689948,1.0850767,7.473404,3.629036,-1.9482965,5.771081,-16.11765,4.8369474,-0.93727005,-29.182785,9.468243,-10.570389,-13.312162,11.589614,2.9369626,3.0933237,12.002773,16.771719,12.006083,-3.3385515,4.182622,32.880325,20.069294,-6.6487346,15.637628,4.700847,10.001053,13.253178,-2.5463254,-7.5541253,5.0833073,-14.106583,3.9229836,1.0
-2.9036906,-7.4289107,11.475081,-15.816179,8.920969,2.608321,-1.4706999,-13.838272,-3.6688333,14.598589,10.03781,17.379827,-3.8397892,10.3248,-6.2015886,15.401968,3.6093223,11.290861,8.10779,9.647301,0.5294981,-6.5589504,-1.2238632,-20.919443,-2.2540383,-16.19787,-2.927608,1.9521885,5.5519075,1.6878331,-9.250713,3.88577,-17.596943,11.200649,-8.240413,-4.6800413,8.208912,-3.215876,8.577509,-7.63964,-10.275573,14.857062,-2.108227,-2.2330282,6.726551,7.589705,15.576882,-0.012061834,-13.137239,-3.8133922,5.246135,5.694043,-2.9862776,-6.5933466,-3.7544518,3.1157427,19.672628,1.0719512,-13.794911,-9.387066,-3.1779377,0.3318218,-4.4347916,-9.706251,-3.9145608,9.7850065,14.69678,0.3542881,2.3326728,3.292058,-1.052171,3.0878634,5.461609,-11.30928,8.5251045,-2.4676259,-16.72973,4.3653536,-9.25266,-15.041978,7.847368,5.469016,-0.33777285,3.6614616,12.262917,15.832633,1.801871,7.527795,20.39539,18.454798,-0.83860093,8.793698,1.2126398,2.272616,4.7781115,-4.3193474,-5.750417,1.6772993,-8.946854,6.998208,1.0
2.400477,-19.260082,34.030807,-43.299667,28.298187,7.1691475,-8.485726,-38.641685,-12.411937,29.219366,20.033236,31.344566,-21.7195,19.173687,-3.444142,40.48709,15.784401,30.969624,16.958162,14.232836,9.70197,-2.800433,8.148897,-50.17187,2.843307,-29.129177,-3.8461246,7.591096,17.678955,4.818817,-7.753797,14.618069,-31.330324,17.904993,-18.18509,-5.962538,5.949764,-4.627556,21.545181,-14.598567,-34.841694,34.979633,-11.448791,-9.673173,12.552021,22.927574,36.8572,-7.8475213,-27.700903,-7.1737227,-0.45859778,8.219201,-10.872494,-13.697388,1.8571088,-2.56864,35.157597,-5.2251406,-24.941452,-24.372652,-2.539521,5.1417413,0.7111412,-26.768131,-15.824589,26.843813,23.39795,-12.972591,-0.5022862,4.958193,-6.8812733,0.99657094,23.233246,-22.553753,5.8307676,-6.072848,-36.480034,14.3813305,-21.211279,-30.880445,18.598751,13.933785,4.221181,13.281295,34.46711,25.179653,-5.9025364,9.447399,53.21177,29.831642,-1.099017,32.369705,4.7623553,8.953337,16.636461,-1.3852159,-10.787809,10.642143,-10.467104,15.311468,1.0
8.17262,-16.908459,26.915812,-33.503815,41.338932,-6.9008236,6.121904,-36.902885,-18.384912,30.312555,26.189468,36.01594,-20.351213,20.694462,-6.9533362,43.046154,18.263145,34.040543,8.184833,18.489916,1.8874278,-17.972364,12.91284,-48.10325,-2.1227574,-23.363573,-0.19656286,8.43563,15.559022,11.707254,-26.153217,5.5363646,-34.71338,27.98718,-9.6626425,-17.677526,12.800307,-13.907744,20.166185,-12.324777,-22.882006,37.48944,2.7623327,-4.179432,18.863867,23.734886,33.742104,-5.7901473,-34.565876,0.12733822,6.1273365,9.810867,-9.229557,-20.688929,-0.048787028,7.943024,43.285206,-4.918659,-34.433414,-21.93982,-4.6956925,5.696529,7.342692,-9.93112,-12.242396,12.2444315,31.927176,-9.280006,-2.601379,10.815791,-1.3845664,-0.043168902,24.681078,-33.910545,14.798709,-4.536229,-35.046017,21.18655,-25.104235,-36.797768,15.269059,16.488615,-5.7741294,24.638111,42.92641,36.164314,-4.8834977,8.609917,58.085136,39.445263,-10.9735155,37.501106,11.697288,6.2396207,20.61923,-5.4107924,-10.727905,6.509805,-3.6190512,24.548414,1.0
4.723684,-21.427057,25.687887,-35.694244,32.368683,-11.504142,-9.591806,-27.35883,-10.855716,22.037376,31.327063,37.32231,-16.317383,19.22199,-13.077443,42.498966,30.785007,27.284681,7.939981,21.429487,13.006335,-12.666546,10.703363,-43.27204,-5.2805333,-21.769257,2.735796,4.592125,19.196245,-3.3090224,-6.0249615,2.0376284,-39.597637,24.556776,-24.161386,-4.4951935,9.087082,-11.6124935,22.090963,-16.814953,-24.187674,35.50058,-11.173981,0.69260323,24.812405,23.169735,28.470657,-11.212491,-28.618824,-7.6424894,5.32088,9.076462,-1.5118206,-13.622165,-13.72496,5.371407,41.428947,-6.407667,-21.259007,-12.371086,-0.13013193,-5.0656238,1.4010997,-19.266275,-4.3364005,11.069336,28.320684,-15.463827,-12.21707,11.542225,9.862894,2.7014189,32.430763,-36.764267,0.2129466,-4.0741324,-43.210064,18.380623,-28.37644,-26.54007,20.464355,6.4451303,-0.12795682,21.720703,33.63137,33.256546,3.7704933,5.608753,57.128357,29.451157,-7.21521,25.530622,0.11206779,5.5898905,14.657063,-10.071501,-12.419169,10.846586,-7.171286,4.4138703,1.0
7.0921154,-19.522514,26.929605,-35.44469,33.265316,-4.14622,2.7035687,-34.484787,-13.40851,25.44983,22.009274,28.629532,-13.866044,21.463781,-9.797475,38.80279,16.969196,31.100271,16.127768,11.257565,3.8515549,-12.321709,9.302566,-48.932796,-2.197686,-27.950531,0.9708669,1.7489895,11.4191065,8.328565,-9.561962,15.743369,-28.699722,23.179083,-20.200146,-16.11207,10.043359,-2.902899,19.999802,-10.002802,-25.098917,31.513885,-4.5145025,-9.155036,18.217112,27.577368,36.263958,-11.162129,-28.336023,-0.418747,0.6479076,14.08912,-0.9402963,-9.651799,-4.5423956,3.0141008,40.995808,-0.96807516,-33.114693,-23.733986,-10.141011,3.4355192,-0.8550067,-14.892079,-9.068097,16.380249,33.372677,-18.360592,-2.9561958,9.037551,-7.9391255,4.508819,19.94581,-27.97317,15.979297,-12.590777,-29.434223,14.101642,-19.589693,-28.948122,19.260462,13.771807,-6.108132,21.935606,37.488544,32.241405,-6.7375493,7.077607,59.80579,38.865856,-15.018806,32.121796,4.9289374,-0.5723502,21.517881,-8.749716,-23.165953,2.9330316,-7.561423,15.130002,1.0
5.4691496,-14.648694,18.799913,-31.80026,18.937197,0.17039013,-6.0325756,-25.782988,-5.4303827,30.118505,17.613905,30.270002,-15.451928,21.237001,-10.094629,33.177723,18.060587,25.554762,15.4848,20.29719,4.293664,-23.05336,10.466498,-44.002308,-3.0901656,-34.537804,-5.0684733,8.663588,19.062645,11.321512,-9.466754,10.10367,-32.508087,26.67386,-18.654064,-9.5403,7.569117,-0.8863441,18.641636,-19.080208,-22.417582,24.454273,-6.196581,-1.7915015,18.237967,27.79151,27.184923,-1.9566194,-22.40567,2.4450016,9.493416,14.8836775,-5.8962955,-10.670875,-6.644719,2.6500096,41.468758,-1.3457355,-19.87619,-19.266047,-8.4154415,4.8493214,0.77986515,-10.838462,-3.9144633,15.651482,29.468143,-5.577192,-10.221629,3.6465933,5.022519,4.0065727,23.316132,-32.659103,11.989567,-2.2892919,-37.362347,15.056689,-23.965029,-31.615883,27.515995,11.770921,-0.88757044,21.02765,33.476387,26.176748,-6.4981155,9.564249,51.18959,36.318165,-6.5161405,28.203657,7.934999,7.2886653,23.178024,-8.35367,-14.051107,10.752627,-2.2572627,12.774189,1.0
7.8973074,-21.997637,24.12862,-39.67036,16.15217,5.74417,-0.45223472,-27.623901,-20.078342,33.35779,18.03158,32.204433,-18.158247,9.118848,-1.85043,39.6257,23.056116,19.254845,19.126942,0.6847787,9.565551,3.3463044,2.2837965,-55.394466,-4.2397575,-33.11167,8.534378,2.246859,15.094976,6.319288,-13.3901205,17.91629,-34.173374,28.38354,-17.104654,-3.0955384,9.318706,0.4067136,32.77106,-15.291272,-24.913101,36.896797,-4.7597065,-11.484417,7.033535,17.573536,46.05923,-6.3316474,-31.39669,7.3644686,-0.43450812,5.9877505,2.2191257,-10.888783,-2.9517624,2.8224638,31.380016,-9.870455,-19.808104,-33.48852,2.1612685,0.5748259,-1.7718396,-23.684961,-13.902379,17.713123,27.3508,-10.132628,-3.7362006,12.948242,-1.4150678,6.696673,32.2535,-30.558342,5.312572,-14.188745,-27.828432,18.059242,-37.36879,-40.56651,12.550616,16.51127,4.48802,25.78154,33.789574,35.900867,-15.235199,12.092168,56.444675,38.24401,-8.037043,25.65992,5.6017885,2.6569688,22.670198,-3.6465936,-12.3265085,2.7431607,-13.844905,16.295221,1.0
11.34015,-28.760654,51.01557,-68.42304,48.278206,-15.646506,4.2108445,-74.9924,-13.363272,60.209484,49.15439,60.949825,-18.105415,43.305756,-33.63581,79.1535,40.909863,52.476578,26.834057,44.029083,23.589489,-36.295277,17.112928,-94.11994,-8.151094,-49.6273,3.9353366,-0.283193,37.00348,11.860275,-39.620525,32.118145,-79.61742,52.142464,-40.734962,-22.31348,10.286732,-12.580898,39.796608,-33.80333,-56.71693,60.788696,-6.373414,-6.7222843,43.16165,56.470524,69.89438,-5.182642,-70.54114,1.1331635,13.248099,14.8503275,-8.8514385,-30.56801,-8.777261,16.471722,87.21628,8.78439,-56.629208,-41.66997,-29.383383,3.4954033,-4.750849,-31.914305,-8.460984,38.58408,64.32069,-14.232457,-11.368494,9.651716,4.974359,2.0775542,36.991756,-59.10674,27.935936,-6.79995,-74.02464,38.169533,-40.96677,-58.145233,31.332048,21.736454,-12.188104,44.389225,78.95066,46.54261,-18.613474,9.41271,107.79904,79.77796,-18.534746,54.676178,18.948112,20.19531,37.827957,-22.253168,-18.952507,13.4202585,-4.3351965,24.403685,1.0
5.545852,-11.459929,15.461713,-31.76741,16.35611,-3.485185,-1.3527799,-28.99039,-9.852006,20.642517,13.0353775,23.97898,-8.741269,17.783054,-7.4025736,27.620808,9.12877,17.449516,10.082676,18.41546,5.3656917,-11.817985,12.1267185,-36.943474,-4.1609483,-22.887367,-2.358307,-0.8431294,13.73589,8.411833,-16.299349,7.9964795,-22.941977,16.061754,-22.796642,-2.644307,-2.321319,-2.5740256,12.340903,-12.870973,-19.03892,19.44203,-1.6253331,3.4496918,12.464018,25.268284,24.148367,0.54789495,-25.93338,1.4519538,6.048395,8.117575,-2.436746,-16.015892,-1.8306836,-1.216389,35.689327,3.8945765,-30.12198,-16.895071,-9.46272,2.9125183,-4.418182,-6.8204036,-4.151905,3.7209647,20.320538,1.4723085,-4.406358,6.660625,6.629124,2.0289276,8.480332,-21.56488,11.22251,0.03691311,-21.371197,12.773211,-14.144679,-16.868649,20.696783,5.386018,-3.8989143,13.086,25.057219,16.833776,-4.8059225,0.42213166,40.561275,23.834616,-1.2982394,22.598074,7.0172443,6.477679,15.366042,-9.748768,-10.157061,11.504615,-5.0802703,7.024483,1.0
-0.8896113,-21.446297,21.78564,-49.088768,27.609291,2.4698784,6.4899707,-35.364273,-6.2420187,44.30004,29.714224,39.410416,-8.655751,18.951986,-15.596787,44.200836,15.928339,32.03148,17.726103,17.681988,16.538326,-16.372509,5.289619,-46.998913,-9.248112,-21.122156,-0.07766706,13.08582,25.090635,5.668541,-12.26884,10.425886,-38.44175,27.039438,-30.609482,-8.39997,12.341281,-7.06314,18.70146,-15.594423,-28.64942,35.847504,3.0919473,-7.3055625,21.562416,32.062195,46.131924,-2.1855721,-36.572277,0.68534493,6.100519,18.525013,0.5618682,-15.3918,-4.5725436,-1.8132931,42.07245,0.40619788,-33.809345,-17.661905,-17.891376,12.096528,-0.18543531,-18.98251,-8.519921,19.238043,38.39362,-19.379293,-13.5209,13.143114,-0.91580623,-3.0079262,29.177801,-30.87733,9.924479,-5.9911118,-42.20613,16.704084,-25.610191,-33.379063,27.423517,20.46944,-2.4977524,22.29421,45.34255,31.967367,0.5537566,19.51859,71.3358,42.823753,-8.009142,34.940758,3.0104449,13.683823,21.09015,-11.447601,-10.80892,6.6584096,-16.569706,16.824957,1.0
3.9799001,-15.649052,20.28703,-33.60113,20.45758,3.0336545,-0.7290835,-34.394775,-7.5925097,33.897713,21.471956,30.205858,-6.772346,15.402512,-9.25971,32.880272,13.888393,29.389378,14.718256,2.1401873,5.7097487,-6.44305,3.378789,-51.218937,-5.2714224,-28.379936,-5.186567,-2.6297345,13.126261,3.1634967,-10.915533,21.159534,-29.647661,19.643038,-16.02185,-0.9323212,6.633241,-4.9941673,17.494978,-11.310415,-26.864893,25.524017,-5.4343934,-8.924896,14.189777,28.78856,32.378296,-3.176259,-27.334599,-0.53204435,5.9995117,1.8382474,-3.541389,-9.438601,-3.7578936,4.280523,44.344673,-2.908168,-30.249586,-19.848507,-6.7683973,9.238272,-2.6707425,-14.326062,-12.219224,16.622614,27.410387,-18.595076,-3.5425866,9.680556,-1.8568727,-5.416261,17.889812,-32.108974,16.104195,-1.544198,-28.454231,8.472878,-19.285711,-25.040636,26.291962,14.242263,3.3259099,14.223383,30.535816,26.973381,-5.708914,6.057897,47.05282,34.065086,-13.334023,32.83715,5.8144503,10.056604,12.801425,-1.5303209,-2.9017165,0.050919216,-6.6631975,8.97245,1.0
6.502683,-12.363544,22.086187,-45.092274,25.61206,-4.436657,-9.60433,-40.19261,-0.721185,38.27193,18.830116,35.231182,-11.834889,26.298153,-22.043951,46.461433,15.417138,35.71517,20.248339,19.300892,7.017292,-14.834524,7.8665524,-56.30658,-5.5891094,-34.323658,-11.911834,4.473507,19.699392,1.7348659,-14.71058,21.991856,-34.792664,28.715395,-28.579195,-11.911,14.923139,-3.492337,13.383394,-15.96077,-33.527824,36.88578,-1.9237646,-8.178699,18.763197,35.787495,49.28722,-7.3843193,-27.121721,3.3303568,11.041302,4.9404187,2.3176458,-19.554106,-8.80377,5.618579,49.946903,-2.3056865,-34.683567,-30.700325,-10.249075,2.1731915,-11.448299,-20.98218,-7.689116,22.867489,45.128105,-15.545111,-2.1465762,3.166939,-1.3532417,2.574033,17.686459,-28.787266,20.879637,-7.552487,-40.299915,16.649227,-22.516787,-35.268898,32.597992,15.411559,-3.6390235,9.210316,30.088308,31.618233,-6.1977754,15.589972,68.11789,42.348953,-12.067655,34.652534,0.52997535,14.344407,14.041032,-12.170502,-19.227295,3.6737986,-15.62637,7.8659906,1.0
0.42326835,-27.77299,32.449215,-72.10064,37.041027,1.6688821,-3.4860063,-38.341606,-5.9946303,62.779293,23.557655,53.070328,-20.88128,12.926129,-17.68692,59.99032,29.621155,34.44617,48.113976,22.659067,9.192812,0.0055761784,15.567325,-81.96567,-14.952799,-38.913475,2.8126907,-0.16804576,42.54967,0.5923965,-10.33451,26.694607,-47.046944,49.71702,-47.821033,5.870116,12.81438,4.1581564,43.97313,-30.050629,-29.530975,64.00523,-22.110958,-3.423507,23.184351,61.956158,64.81176,-10.335845,-49.350708,0.16862793,17.822906,7.6507297,11.07116,-28.204016,-12.237464,-3.0745845,69.24823,-7.4062796,-36.86852,-42.226345,-25.94979,13.368743,-18.515532,-26.375782,-21.527464,26.337675,45.769554,-13.641952,-21.618917,25.92252,-5.3013005,11.8083,38.07531,-52.238117,2.0097723,-25.799068,-69.25081,31.71479,-55.811134,-57.326157,32.298992,34.227882,7.2926803,40.795586,43.919487,53.635838,-11.8269825,14.598212,99.85167,67.60855,-16.051123,42.969646,3.0566497,12.080556,24.12265,-12.029173,-21.423204,11.74076,-17.853123,20.125956,1.0
5.9739184,-10.516732,17.961142,-32.25375,12.418013,6.1913376,0.081012934,-18.925045,-8.951376,30.31806,15.965661,28.806824,-8.868293,14.423638,-10.184337,35.588207,17.655704,20.41608,16.040558,8.414445,5.593138,-11.926616,2.0293105,-41.392426,-8.821885,-19.183357,0.5765302,1.2853969,15.854787,2.6677551,-9.399521,11.040707,-23.778328,25.175064,-23.253069,-3.595944,7.4393835,0.8844299,19.756474,-13.886238,-15.899494,29.676529,-3.0453343,-5.045362,14.097057,16.0391,33.15171,-2.692033,-21.458075,5.7219334,4.184371,6.7879415,7.5905566,-10.128166,-0.86186737,2.5090857,30.003586,-3.6709716,-21.133556,-18.985285,-9.631986,5.463099,-0.0017412007,-11.375959,-4.621061,6.7856183,28.423286,-12.352632,-10.792475,8.30012,-3.009255,7.172708,23.254438,-26.61866,7.465661,-7.7859497,-29.935972,9.945247,-22.656866,-21.206009,20.829243,12.802839,-1.1971848,17.731573,21.840364,25.620762,-6.273255,4.6284075,52.451023,31.516527,-6.8132057,18.592506,5.5736394,10.105514,11.839329,-7.82381,-8.580994,3.3012831,-11.029831,10.662169,1.0
4.988474,-21.16476,34.463043,-45.13473,40.575092,-11.576085,-7.381832,-47.735622,-11.1163435,49.467392,28.315783,43.430122,-16.910374,27.909336,-11.100926,46.71994,25.017998,39.734253,19.028461,29.384516,7.771881,-24.893232,14.808875,-68.05822,-3.8672907,-33.670135,4.896425,6.2497077,34.190002,9.243003,-20.497032,19.36639,-54.131638,32.403023,-38.72012,-18.322788,10.635579,-5.8225527,30.723658,-16.126648,-37.059296,45.522896,-8.025144,-9.395056,25.785248,32.77103,43.966103,-7.2579303,-48.918186,-6.4388547,6.6729403,16.62105,-11.98163,-28.700626,-7.639029,6.396208,64.54821,3.1188583,-40.803013,-30.06035,-14.69557,5.855289,-0.26482502,-24.090944,-11.41653,26.506554,40.877537,-11.366019,-3.7739878,8.9684515,-1.4184406,-4.4012733,28.495249,-40.049355,19.538866,-3.5505505,-53.124462,16.969202,-26.842388,-41.076912,29.943123,14.49523,-0.29959607,30.159435,52.719566,33.45042,-8.439633,12.174805,68.06392,54.86503,-14.966332,38.22364,16.540394,6.236022,31.285816,-14.07929,-21.89676,13.45979,-6.9831142,21.943907,1.0
4.5087514,-8.215077,12.068035,-12.601704,11.185986,-1.610052,-0.20956598,-14.452883,-2.2436295,9.766166,8.588958,10.147555,-7.974603,8.660517,-5.8195724,14.972243,13.810003,14.518999,8.439907,11.364516,2.2634482,-10.317345,5.154425,-17.441393,-0.569703,-12.185401,1.6775258,1.332231,5.703666,6.0983596,-5.3813424,4.9797583,-15.406053,13.744432,-10.844755,-4.7999597,4.3742886,-3.422704,7.105672,-5.4411435,-11.472343,13.106562,1.1287903,0.9859431,7.663987,8.320496,14.744501,-6.5539794,-11.79093,-0.394969,0.6687559,4.5111513,-1.979493,-6.574836,-2.7006814,2.0547354,17.914595,-1.8156968,-7.5885453,-6.2047696,-5.4904385,0.27958414,-0.13246101,-7.0362363,1.4309111,3.805256,17.572355,-5.2757397,-5.1447625,0.08402912,-2.5609589,2.2985442,10.177599,-14.21601,6.4207954,-0.57280505,-15.100008,6.0379086,-10.26622,-15.469764,11.608856,3.7530756,-1.5571642,8.448803,16.95596,9.571551,-1.5151758,1.4827502,23.58486,15.324577,-2.324692,8.870436,7.5949645,4.1606097,8.643927,-6.2712307,-6.963135,1.2816259,0.20877415,4.08027,1.0
9.1879835,-13.007348,28.964838,-51.434666,27.294518,-0.21574761,2.9152164,-39.665382,-2.388891,34.78667,23.51379,36.523987,-4.3145623,24.621628,-14.874411,46.4942,14.931301,31.051716,19.98052,24.633102,12.460062,-12.730741,6.4316034,-56.760212,-4.380773,-38.753197,-0.32633996,-1.066691,24.270144,3.2746654,-19.928938,21.424295,-43.127872,29.32856,-28.926668,-6.2693143,1.3072343,-5.9953356,22.098974,-26.039375,-26.09366,33.989223,-7.8671317,-5.311497,29.94507,37.16384,37.20858,-2.8795857,-41.3946,-2.8634589,11.958342,7.187141,-8.323213,-17.595497,-3.6207495,3.151663,44.992287,4.047813,-38.730267,-25.173113,-13.333443,4.5990543,-6.4244657,-17.63179,-11.645977,13.003543,29.786182,-12.338432,-8.154155,11.318476,6.840754,2.2144709,20.379837,-37.803085,16.140455,-5.567351,-47.979836,17.069128,-28.396013,-35.51172,27.395296,19.597307,8.820625,29.02811,47.19042,32.774345,-3.5987492,6.0926175,63.815453,46.106564,-4.5672626,40.583843,7.751516,10.378901,23.93297,-14.135211,-19.72327,7.338212,-14.735064,20.431023,1.0
19.113249,-40.40415,72.68952,-106.81531,54.987415,-3.0592148,3.437543,-91.19197,-16.32085,85.747025,61.02193,96.35905,-42.25899,68.12761,-27.816885,108.09641,40.179512,79.57155,49.734966,43.792175,18.180658,-44.325104,5.6297274,-133.35616,-8.824561,-82.721436,-12.077896,17.231928,42.535404,23.066874,-51.31986,40.69514,-83.31569,85.358894,-60.079514,-32.328045,27.841146,-2.1299534,47.54515,-37.11824,-85.907776,89.36696,-18.150389,-14.516398,38.415684,69.758705,100.83346,-8.204034,-97.787056,-8.546945,22.178654,32.301968,-1.158955,-47.325962,-2.7040663,19.142149,109.22845,6.077121,-97.78514,-67.86855,-35.305187,14.4991665,-19.497087,-58.96968,-19.264446,52.05875,98.09003,-17.53718,-8.562653,24.963015,-5.499803,4.5578074,55.41504,-85.94348,45.549152,-5.912155,-92.65839,45.811523,-59.132442,-95.589966,55.234776,45.023354,-8.999247,38.089394,91.374664,80.28103,-10.221597,21.49995,158.92737,108.88981,-14.222479,78.211655,14.304331,23.379936,35.979904,-22.264599,-39.307003,7.9841194,-25.66176,49.510284,1.0
6.3906875,-9.761833,14.445851,-28.110548,18.148502,-3.6357262,-2.2409172,-17.460161,-7.223874,10.7285595,5.916073,11.614498,-13.841327,8.844175,-5.0289054,26.955505,15.326711,17.879953,7.6836524,12.590056,-0.25793606,-2.8108222,9.385161,-29.660252,-3.3274124,-15.304963,3.9296136,0.8687221,13.139013,-2.4445798,-3.556812,6.902373,-16.822428,16.782213,-12.043667,-2.831092,7.8056636,-4.2417903,9.949979,-12.361858,-15.949712,18.420305,-1.7580944,-6.30226,10.605635,19.162098,22.733665,-0.43781903,-11.578027,1.450968,0.55225766,2.042662,-3.963927,-10.496278,-4.6811504,0.8770432,27.800135,3.8141365,-12.136553,-13.174021,-0.090302855,-2.9872053,2.2745416,-6.835879,-6.396603,8.199746,19.237156,0.9762733,-7.801203,1.2059671,-7.452509,6.1706247,13.02354,-15.306979,9.130639,-5.9643617,-16.16674,11.183008,-18.65813,-21.575932,5.724571,2.307061,-1.0701803,12.79716,15.058345,15.451214,-6.2377515,2.172477,34.22519,17.333038,-1.5780799,15.1961975,1.9088739,2.7278612,10.307561,0.76757306,-11.8997755,12.209869,-10.442669,10.012069,1.0
1.2360607,-9.553237,24.510626,-35.16745,23.766888,-0.5149197,-1.2924223,-32.02182,-0.5767493,31.168419,21.451612,24.866877,-10.659577,17.773348,-15.883145,40.1101,20.228992,30.4112,15.462532,18.673307,7.437188,-19.585833,9.350319,-46.974968,-1.9742095,-29.221478,-0.9196362,4.5198407,14.198257,6.1606183,-8.941798,18.456068,-31.149662,31.325184,-24.221756,-12.352215,11.045155,-8.016203,15.573485,-13.43923,-29.516195,32.29065,1.2530361,-3.1608324,13.303928,28.25877,35.09413,-11.574687,-30.775057,6.5437407,5.6608634,7.2258024,-1.0057399,-15.597618,-5.842396,8.257024,42.026203,-2.9415476,-27.153439,-20.700539,-9.175655,2.0834117,-5.4645348,-17.856474,-10.6277895,20.74852,35.452988,-17.429335,-3.314209,5.761999,0.36656198,6.155658,15.109156,-25.687988,20.961924,-2.1403475,-31.874966,13.925761,-26.511837,-31.683254,27.676634,11.572418,-4.7060604,6.7683206,30.446173,25.174393,-6.289469,5.690657,46.36252,31.072533,-9.380866,23.75694,8.7656555,15.148675,23.411034,-10.484334,-13.536774,1.0090984,-6.631568,7.393979,1.0
8.866121,-12.946058,25.731573,-42.815895,26.404505,-3.2381568,-0.19100419,-37.94461,-2.522493,35.954456,17.778664,37.398453,-6.5759735,22.789345,-10.422,38.296673,11.564629,28.987335,14.490022,20.880121,13.648456,-16.100395,8.729644,-54.100353,-13.9837475,-32.619507,-4.4675555,5.8780537,25.562395,2.5138373,-22.514109,18.462164,-38.035236,28.885246,-26.877216,-7.9910517,5.905752,-1.5696976,22.522665,-15.5246525,-29.343134,33.3952,-5.732836,-1.2500283,22.079998,36.999207,40.058952,0.19274251,-37.464912,-0.3708989,5.712025,8.241869,-3.813608,-16.19058,-5.055651,6.2322516,50.837833,2.7703137,-38.455124,-27.355417,-14.832733,5.5597825,-1.9843868,-18.799797,-8.476803,15.478252,33.205437,-7.4348254,-4.2788477,8.854607,0.013924908,-3.2625606,16.476818,-33.981915,13.284906,-1.3651212,-42.602577,21.974125,-23.606773,-29.945656,16.04152,20.709816,4.0442424,20.615488,37.542503,27.591465,-9.079538,7.7692914,60.36413,42.367683,-5.880963,30.286549,11.687308,11.979764,11.277721,-18.277506,-13.005125,-0.44854194,-20.27656,19.29817,1.0
5.491647,-10.088309,13.211149,-18.495382,17.968744,-2.0029926,-1.7027804,-16.474024,-1.123732,17.643572,19.135283,15.168654,-9.141023,11.969616,-10.731237,26.821838,13.631662,17.705317,9.988464,13.771127,-2.9791787,-20.176088,9.92156,-25.974272,-4.312694,-16.293451,-1.8395231,4.245533,9.053096,3.627344,-8.443782,11.72616,-18.64196,21.741543,-11.458566,-10.665197,9.167196,-3.7113853,10.003009,-5.5610166,-10.400489,26.793858,4.3612666,-5.4949203,10.343711,18.396084,20.397963,-6.5274334,-14.839271,2.1241274,3.042206,1.6154372,-4.235989,-7.0192833,2.3097913,-0.8304912,25.404673,2.313736,-12.263632,-14.2651825,-2.8420296,-1.3336108,-0.423293,-9.135406,-3.141767,12.892512,26.831701,-6.9020977,-6.7720027,7.2053046,0.24577053,8.591683,13.338101,-18.123276,13.451179,-4.3181057,-20.258993,10.133927,-15.296293,-16.604532,13.648835,8.298058,-5.011127,10.672643,17.802704,14.44172,-1.9802614,3.047493,26.74487,23.391855,-7.7405815,14.140604,5.4267387,10.118379,13.087642,-2.0701437,-10.74186,3.0692868,-1.596664,8.049545,1.0
5.5188174,-9.209633,5.4288387,-15.5443735,8.741683,1.6818943,-1.8418932,-11.008096,-3.2674248,9.857654,9.46396,11.214657,-2.3867803,8.364548,-2.3205192,16.102125,7.2863646,12.130079,10.289488,-2.5547187,5.4100065,-3.1630895,1.3758988,-23.888386,-6.651438,-13.46212,-0.912427,-1.0814242,4.0523496,0.9714591,-1.6711977,9.732219,-13.4324,16.861343,-7.8365912,-4.6425705,8.033801,0.6883521,12.24172,-1.099992,-11.521749,20.49378,-2.1270792,-5.516686,1.3453095,13.507454,18.502964,-2.2536938,-14.616677,2.1038678,0.20381689,3.5223105,7.6947446,-5.365105,3.065055,-0.11440416,14.169786,-4.4182396,-10.673912,-15.526302,0.3496699,-0.8770409,1.5409048,-10.535203,-6.9111633,9.056694,17.695532,-4.797171,-5.1748166,4.5959535,-0.22746274,2.1089115,14.914518,-13.298489,3.115006,-0.9920184,-10.122857,10.099639,-17.551376,-15.942149,8.855776,15.072598,3.695118,4.345575,13.410271,18.375269,-3.9512982,4.7884293,27.5758,15.641592,-4.8409104,10.416654,-2.0441353,6.7453833,4.4806523,-2.8685303,-5.7779803,0.06547621,-7.037861,3.3000681,1.0
18.031233,-31.17237,39.964043,-67.104034,39.58984,-9.46038,-6.980809,-49.919907,-14.140159,39.229668,30.631128,45.424118,-21.390896,25.755291,-18.053904,57.761005,38.37357,36.564438,26.347836,35.38069,17.551952,-18.625305,13.113806,-69.09748,-8.72806,-34.717934,-4.3868423,1.8327874,32.41239,6.856342,-28.294939,8.287086,-55.934254,49.38007,-49.599773,-10.844082,-4.678655,-7.766707,30.613213,-28.486982,-50.780525,46.914948,-3.982843,6.8683596,38.48807,39.44731,51.412678,-8.652027,-45.429066,-1.9665935,10.011485,10.693846,0.27746654,-27.386703,-3.833346,3.9688578,56.37297,-2.3823295,-33.33523,-24.285042,-27.374952,6.39746,-8.440508,-14.84774,-14.537924,18.269625,44.747955,-10.729714,-3.1746178,15.044027,4.753729,7.610315,27.85454,-46.554813,9.050803,-10.659088,-59.62341,34.494442,-32.052036,-56.764313,26.644873,20.382889,-2.0825286,36.67737,49.042313,37.8793,-11.199496,16.00289,80.975746,63.36318,3.2928932,32.005028,2.2560534,21.209923,24.47062,-28.13962,-16.462444,16.162394,-20.269331,24.034115,1.0
11.384527,-17.831007,24.966913,-46.948322,28.130737,-7.064706,0.5446334,-41.589336,-1.6018033,42.30775,20.170483,38.308117,-8.466442,27.291832,-21.239445,41.77593,10.2683,33.24966,24.27511,13.640235,9.781387,-12.4583,-2.3888397,-57.725388,-12.566481,-36.78599,-4.7486343,-0.8822967,12.06995,8.447279,-17.641422,22.861809,-33.721798,35.02912,-26.82121,-9.208547,9.056847,0.79954934,26.103867,-14.066219,-35.44767,39.00493,-8.533946,-4.452043,24.213287,30.954344,49.216103,-1.8222245,-38.530987,-7.6815844,8.803713,11.723134,2.1692421,-16.337849,-3.575837,4.672841,43.392666,5.347349,-42.299335,-27.252346,-14.232731,7.909663,-8.9066,-25.594374,-13.608268,20.3456,43.985023,-15.7729645,-1.6583478,11.095538,0.004603587,5.580405,17.790972,-30.815811,8.159107,-7.679258,-35.578228,19.971977,-25.525515,-31.112246,25.520546,19.934477,-0.020462826,12.618549,36.791153,32.28666,-5.5173926,5.9647884,68.7884,44.43846,-4.00629,29.836185,1.4590783,12.225383,12.01028,-10.599921,-17.844616,1.4377027,-13.239207,8.383518,1.0
6.4526663,-15.221166,39.052258,-57.0638,31.174334,-8.113171,-6.139833,-48.408165,-3.3322618,47.05273,23.008257,36.436157,-5.3744836,32.848915,-22.20444,50.443253,20.332716,42.624744,23.37656,27.125608,9.107841,-6.1721225,2.6124783,-77.976776,-7.8726215,-29.474508,-8.804929,-4.1179852,31.665564,-2.3042328,-18.04779,32.46699,-40.426964,32.37453,-36.314133,-10.544891,11.544646,1.7134401,21.781673,-20.715229,-40.265266,39.07621,-14.9341,-13.604008,23.159674,42.36197,57.65489,2.4565172,-43.590473,-4.574549,12.791196,9.37991,4.2625217,-29.092783,-8.288629,-1.230271,59.862293,8.414376,-50.519802,-34.30296,-27.04572,4.9751287,-16.50411,-27.036726,-13.142555,28.930092,49.912163,-13.333271,3.06733,12.61771,-7.5595484,-0.03808111,14.32076,-41.97286,21.08037,-1.285944,-44.70142,23.352184,-21.960247,-37.975918,23.854975,18.880548,-2.7443902,20.062105,44.52368,28.14833,-12.339933,7.556868,78.17921,51.201614,-15.490867,36.60305,4.869238,20.476482,12.440819,-13.3478775,-24.671734,8.633501,-24.691376,15.799504,1.0
7.944811,-10.082795,21.442204,-34.56377,24.592945,-8.186947,0.84131247,-33.326847,-8.067771,33.96811,22.988707,33.653294,-15.683344,26.960506,-21.256289,41.25901,18.856455,31.768248,16.46407,21.89423,6.599372,-21.052124,6.3340445,-50.370544,-8.363605,-31.428844,-1.9991133,8.614612,19.23565,6.3741975,-16.196753,18.479834,-35.115055,27.746086,-19.215841,-7.914378,13.90636,-10.236582,16.118397,-16.22815,-21.486824,35.247883,4.32857,-2.957998,18.326784,25.010784,31.96234,-3.316971,-28.242989,4.32159,11.009915,5.265921,-3.8231888,-12.544047,-5.1872377,4.440057,46.266376,-0.6501935,-30.501495,-20.671387,-4.391889,2.7429068,-0.5318189,-13.038307,-6.3898745,15.044776,40.807697,-9.073142,-6.8581424,7.9218464,3.4580986,1.5410156,15.936481,-29.935944,15.773021,-1.9324062,-39.2909,15.570443,-26.121386,-31.284977,20.77415,13.979696,-6.5054193,23.107143,36.687386,24.939978,-4.5199757,5.939223,54.937332,43.359226,-8.089802,29.108032,16.14702,8.967051,19.019331,-10.540608,-14.785536,5.475603,-9.230742,18.595255,1.0
13.136192,-22.937843,29.097935,-50.79909,25.065788,-4.464409,-6.612786,-30.3821,-2.3174798,44.19748,19.497116,48.738064,-21.300865,31.885578,-10.725406,39.5255,21.543062,31.684559,24.714798,14.671168,16.589901,-4.655955,3.437402,-58.656208,-7.320983,-38.06762,-3.8021681,2.4960697,13.991953,1.2970845,-19.393852,23.81493,-44.363846,39.612118,-31.888483,-9.294416,14.759996,-8.9313,32.413555,-20.647245,-34.464954,28.470253,-12.881063,-10.248206,21.035677,29.566818,49.5518,2.637525,-39.983418,-11.912702,15.627238,8.551611,8.839148,-16.612534,-0.025452033,10.057827,43.195957,-1.0071363,-38.955772,-33.2193,-5.0291557,1.5823617,-9.663369,-26.215929,-10.516534,21.790426,34.448715,-7.5508976,-3.164959,11.798273,-3.3440423,-8.719746,25.904013,-26.898973,6.999688,0.8662533,-43.96102,22.04378,-34.323845,-38.51876,18.042526,27.942978,-4.4709263,17.468918,41.68609,45.409084,-0.6969371,6.069788,65.86054,42.805424,-7.4459352,40.136253,-1.31146,11.440027,15.058352,-10.379352,-20.768482,-2.9487286,-23.003775,6.84808,1.0
6.452758,-11.342773,31.992126,-50.95738,27.293655,-10.2566395,3.7541482,-41.27635,-3.8138282,40.04954,22.505514,41.75807,-5.00114,28.278662,-16.849947,47.774662,23.28889,32.02146,19.468863,30.104126,21.769024,-22.334375,-0.154829,-64.5086,-9.359589,-35.99949,-7.652019,-8.129531,25.912056,7.1501417,-23.810684,22.383062,-43.411358,33.754406,-30.68024,-5.542883,9.353893,-0.72330457,19.578842,-24.32199,-33.268894,35.135918,-7.763708,-6.7946486,20.835684,39.340305,46.516987,-3.12531,-43.62407,-4.728421,13.075172,8.557156,-2.7196631,-21.119125,-7.669832,6.5721817,58.43087,8.996959,-43.47362,-28.365808,-20.895344,1.2221678,-4.9013824,-17.878773,-9.304,23.848284,41.660923,-7.24192,1.0182794,5.1001534,0.29098117,0.49873123,16.364521,-33.1267,19.13394,0.3741113,-47.690857,19.565937,-26.33621,-36.105362,14.376052,19.619293,-0.6172309,18.85944,43.789776,22.690586,-12.118687,7.080766,63.941475,51.69004,-8.921119,30.713116,8.525409,14.009976,18.771887,-10.442582,-12.830101,7.5875325,-14.979291,19.579592,1.0
9.873754,-11.371226,19.527477,-33.051247,16.386106,-1.1482936,-6.450275,-28.902664,-5.503089,27.800924,14.845963,25.051807,-3.778459,15.3311615,-9.259695,29.41472,15.586304,20.516108,10.284856,18.198166,8.332373,-8.5586405,-1.0666798,-44.762634,-3.739938,-19.181747,-4.0855803,-3.1038775,16.014135,4.3380594,-13.479577,18.148369,-25.82363,17.229168,-17.37294,-8.299157,2.9310632,-1.8853685,12.784468,-14.464667,-16.09624,25.405844,-7.0630507,-6.2087736,15.215971,22.405666,35.352535,-3.7394845,-23.579432,-1.452397,8.839235,7.5766945,-2.1226192,-12.974263,-7.7505927,4.197644,36.658016,-1.2663913,-25.93071,-17.660303,-8.085233,5.932988,-4.376179,-9.084951,-7.5429053,9.936391,20.856443,-8.651394,-4.114132,4.7040153,2.0904193,1.2193574,4.778215,-20.41728,10.741628,1.4438218,-27.035486,15.970511,-16.391857,-23.286133,13.603589,9.113292,0.90215516,12.991109,24.319666,10.878192,-5.8473144,2.427888,43.77754,27.154497,-8.516792,21.256018,3.9034152,16.89088,10.668449,-9.486759,-11.716498,7.2215486,-10.764746,11.890887,1.0
6.5335703,-8.088703,26.348997,-39.579094,22.309908,-9.952338,-2.8015583,-31.127794,-2.8390887,28.789677,18.765697,28.747665,-2.00989,26.298706,-12.184182,34.96786,20.275175,27.359531,17.536184,21.57451,8.123424,-13.085676,-6.117146,-51.74321,-3.8558555,-27.713367,-1.9841577,-5.3728466,23.87575,0.78642,-20.893984,17.617565,-33.698,28.660772,-27.199884,-5.9286313,14.359147,3.55843,22.339376,-16.28329,-30.006052,29.282621,-6.341174,-9.768106,10.811322,33.715626,43.935307,1.7273217,-34.172253,1.6925491,10.630357,2.5607681,0.80333483,-23.773535,-8.778064,6.7570786,46.31294,11.14724,-29.39633,-24.714043,-15.6828785,1.9050524,-5.5219736,-13.202865,-6.6969805,21.795551,33.54501,-4.988868,-0.12256691,7.002873,-2.611993,2.2020125,3.735588,-29.560926,18.011269,-1.157977,-33.932724,14.312109,-18.644012,-29.471968,13.927076,15.822511,-6.10312,14.003899,29.09036,19.978285,-13.29929,2.5345342,49.054585,40.399036,-10.455208,26.349876,2.647741,12.900617,13.37526,-14.410492,-11.94013,4.445969,-14.289161,15.97623,1.0
1.5338843,-17.582901,28.192282,-52.91621,34.61571,-8.105369,-4.606137,-48.07305,-18.409805,42.009422,30.709013,44.23296,-16.893074,23.279713,-13.637719,43.30419,17.976833,40.051697,19.589788,28.400959,22.606874,-13.165814,4.3233542,-68.90539,-8.1508465,-33.279476,-2.3474941,2.9096253,28.498913,4.3857627,-29.062109,9.3454895,-47.168217,25.587292,-31.50099,-16.3954,6.4333863,-11.1672,21.041178,-15.3792305,-31.135864,39.97652,-13.740552,-1.4575183,21.196978,30.360357,38.48023,-2.2844803,-41.847683,-6.9737988,10.085037,11.155336,-3.7232122,-19.018755,-12.145769,15.192622,63.221016,2.9684858,-39.666664,-31.482218,-20.790888,-0.5934607,-3.4241638,-23.166107,-15.737189,15.097796,28.237913,-11.022889,-1.8277427,7.3608003,6.289373,-9.365078,18.324562,-45.75291,14.880007,-2.5404856,-54.88176,20.780468,-29.204468,-34.149647,19.166122,14.338452,-1.0768714,26.278542,45.046394,32.679764,-2.896996,7.857877,68.81319,53.949707,-6.995458,36.788166,13.700346,12.152252,20.129236,-12.938599,-13.448146,-0.07847668,-12.054373,23.65116,1.0
24.445196,-35.49343,43.54269,-76.46475,44.99189,-17.49317,-12.336265,-67.60592,-17.499414,58.939415,39.053284,56.608677,-29.557098,44.949062,-31.597094,79.74425,48.33235,58.5197,26.424162,48.112793,22.31856,-28.233553,20.840508,-91.55731,-11.819885,-51.88395,0.92970306,5.5748744,47.65247,-5.869348,-27.852188,21.341957,-65.679474,67.08385,-67.12485,-0.6963713,7.863347,-9.739527,38.931114,-37.43669,-58.06488,65.58437,-4.9445705,11.037948,50.736908,57.977467,76.53019,-11.475873,-66.05488,0.6871166,13.767219,20.288736,12.164859,-30.242493,-20.226992,12.508176,89.92008,-0.7893292,-62.10438,-29.797932,-26.904367,-3.953508,-4.9878364,-25.65197,-12.110711,26.114134,71.63126,-5.516706,-18.44065,13.862011,5.082209,17.415575,44.102585,-56.513145,24.206951,-16.713457,-65.64605,36.467285,-54.625874,-63.796497,33.17164,30.408812,-13.81806,51.942444,71.616615,52.981873,-20.097631,7.4033356,114.77763,88.312004,-4.4895086,45.18832,15.111599,23.598785,41.439114,-35.999134,-28.502161,14.9972105,-18.104156,16.35748,1.0
7.1144786,-16.388462,29.480755,-51.92841,24.007164,-4.297299,-4.371146,-41.674763,-6.6258,40.690292,26.622946,41.2781,-15.2812805,26.745895,-11.285924,37.69243,16.221224,27.764566,23.983328,17.375542,18.642796,-23.433983,1.1114682,-58.976963,-8.4179325,-35.698334,-5.0896487,7.0831203,30.57162,7.284984,-22.371405,14.226854,-45.698254,30.751236,-24.74982,-4.782181,5.6999373,2.1945832,25.7528,-21.761219,-30.099705,33.890182,-9.158758,-3.97906,20.947456,29.265617,46.781136,1.7511601,-36.35583,-6.5137343,8.573564,14.382345,-0.96196616,-18.45878,-8.524899,2.160798,50.726936,5.1894116,-39.332157,-25.887838,-20.31753,6.591159,-3.472831,-20.669191,-10.069199,20.057285,40.830402,-4.9708652,-8.041488,7.69617,-1.8484325,3.4519944,15.7783375,-35.412167,11.611732,-8.395806,-45.942375,18.740028,-27.223837,-31.485985,22.642065,19.037977,-0.5828334,24.425549,39.798397,27.054197,-10.657753,6.920953,62.565086,48.960743,-3.7454891,27.913881,12.062564,13.148488,18.94582,-13.56724,-19.576775,3.5986052,-13.532828,18.83162,1.0
3.5818965,-15.727548,18.24006,-31.619709,20.534782,-0.9357016,-1.1998601,-26.734432,-16.106739,26.518633,17.815279,25.083864,-11.351317,8.33971,-7.2560396,36.01375,13.32932,18.13137,8.913523,2.5708377,1.3043879,-7.4742603,8.989723,-44.449886,-0.29695728,-17.765224,0.38434356,1.7952805,11.387378,3.1413803,-6.1109843,10.59262,-24.893229,18.261501,-9.563491,-2.2895305,18.083244,-5.166547,21.181261,-12.059296,-15.277879,31.734308,0.66269517,-8.791969,5.8982067,20.08511,28.001968,-8.2906,-23.06577,-0.06295377,4.0629907,12.321083,-2.9172149,-10.615669,-0.75552595,0.4804569,30.550446,0.9957167,-24.04072,-22.931168,2.2978048,2.7568712,4.8838964,-12.687174,-6.0718045,13.175841,27.276684,-11.885563,-11.724138,14.423049,-1.5437931,-0.030739255,15.961515,-23.291739,10.74381,-4.0685616,-18.700586,12.339415,-17.058187,-26.57822,6.4965925,15.624814,0.08733375,12.836302,26.18482,27.873629,-7.102549,10.294479,49.119335,31.738626,-11.157079,25.47324,5.098906,4.5952935,12.172533,0.18665007,-14.739189,7.2238173,-17.29967,12.800708,1.0
0.80762196,-7.8307195,20.506762,-37.013504,18.48405,-1.3482288,1.8441107,-28.275045,-0.8247501,28.72705,23.1242,36.95122,-4.396665,24.876614,-9.333261,35.59758,18.68541,25.800234,22.235186,21.704424,10.563289,-12.477536,2.3843787,-49.403625,-7.0601716,-22.649858,0.13607803,-0.6610073,20.885136,6.44552,-16.174889,13.27714,-32.902363,23.09864,-25.694931,-8.960836,9.543585,3.3093295,13.026399,-21.01223,-21.650236,23.666561,-8.518455,-5.8684907,19.67958,26.071907,35.636024,1.4770813,-34.15015,-3.6694794,7.055938,7.5337257,-2.7999456,-15.788498,-7.672811,4.9435835,38.394627,7.7744374,-29.785007,-15.719706,-16.234465,9.088948,-5.3907714,-12.643362,-8.796305,14.151566,29.32858,-9.026133,0.7807586,3.8241491,-4.8127522,4.3660135,8.584992,-26.757381,12.245386,0.623267,-34.933674,15.904224,-14.150499,-32.54407,19.479534,13.190447,0.23064587,14.440779,32.672314,21.023039,-7.9602265,7.064217,46.015633,38.58874,-4.940092,26.45602,6.966164,14.974027,8.087515,-7.64145,-9.477535,-2.1397169,-12.41751,18.742477,1.0
1.4591438,-19.121225,26.644836,-47.30167,38.8708,-7.7048807,-0.34826833,-45.817753,-17.811146,42.280655,32.37042,39.86045,-17.27785,21.804676,-19.63832,55.03211,31.610857,43.439976,18.491606,18.794716,8.624919,-19.372902,19.588701,-62.75327,-9.129281,-27.552065,-0.33328995,-0.9206551,24.19913,5.5863476,-18.935143,21.935804,-46.798416,39.18825,-33.870224,-5.7184534,7.564848,-3.9471655,28.300705,-17.644064,-29.359962,41.857483,-2.9379013,-1.8824972,28.120575,43.294643,40.959473,-15.387435,-38.148457,3.5763922,0.092663124,9.645473,-3.20912,-21.385992,-6.154857,1.5609378,49.038937,-1.1891108,-32.50878,-28.63073,-18.186972,1.8739421,0.9444802,-14.92846,-11.654232,24.665792,46.357025,-23.192392,-8.06843,15.13854,5.2552896,2.754046,31.007933,-46.07906,13.241243,-9.000232,-42.008667,23.823616,-36.65502,-39.728268,33.92719,17.12159,-1.3896973,23.349165,47.210255,34.201347,-11.36133,4.7452555,76.452286,44.58916,-16.88484,35.4454,13.13209,24.994974,29.356457,-6.858124,-14.871782,4.973817,-0.7380723,3.8168585,1.0
6.1774898,-8.610435,17.588373,-25.881746,15.132995,-1.4497268,-5.673051,-23.670616,-2.3989694,20.527308,14.222463,25.51252,-9.73835,17.414911,-6.370887,25.551973,10.475378,15.596703,5.3076835,12.124075,5.538119,-10.255879,1.305761,-29.001873,-9.225679,-15.888656,0.64608806,1.7966106,13.682008,5.3653903,-12.087258,8.701661,-18.672197,21.342918,-11.37431,-4.9914722,-2.8777723,0.09352372,11.949859,-11.393989,-15.720045,23.762428,-3.2896945,-1.8058658,17.084461,14.862608,28.96923,-1.064039,-17.610636,0.339095,2.6991868,10.059574,-3.9468875,-11.684179,-3.4318435,-1.1205459,29.543129,2.346817,-22.461924,-12.472909,-8.950344,3.5532212,-2.5241222,-6.527795,0.10996388,6.924644,21.273302,-1.0485324,-6.079573,4.622025,3.9830923,4.7342205,11.5893135,-21.295336,9.060485,-6.775907,-20.39757,13.495059,-14.838321,-20.531803,17.358837,10.705727,-2.683803,14.54002,23.776981,16.360037,-9.991584,0.6139776,43.3457,24.399622,-0.0077833235,15.664407,8.44783,3.8266633,12.49153,-4.760105,-14.623293,7.3329234,-6.2212653,8.942534,1.0
5.8865223,-15.25286,24.297096,-36.43679,12.258171,6.082803,-8.154829,-24.90228,-2.1427388,33.666473,16.496582,35.793247,-16.960236,19.12533,-8.780328,31.674215,11.832627,21.471169,17.19041,0.86908257,9.701193,-10.90914,-0.868985,-46.971855,-10.353799,-31.326937,-5.2032804,5.303714,13.959438,15.291611,-10.802863,12.551499,-23.400434,27.174948,-15.268021,-7.422756,14.302611,6.7357473,26.202545,-2.4195676,-21.67023,37.689472,-6.7535777,-6.7279444,7.838226,12.001639,44.075363,4.0425525,-28.100327,-1.574159,3.2366862,10.965552,4.1641326,-17.410046,1.4277248,-1.0368087,27.007175,0.17755282,-29.96035,-27.08842,-5.8763247,6.7726374,-6.846235,-27.545422,-10.000898,20.564863,31.906174,-9.329803,-6.699678,12.710679,-8.690826,13.738782,17.041048,-29.777449,8.801512,-12.184732,-24.600523,16.521618,-31.913904,-32.60279,17.080984,28.129568,0.42387974,14.792483,32.08591,40.162422,-4.3709755,6.6732917,57.698494,34.312077,0.70932066,27.785017,0.7494031,-2.459283,0.9759608,-3.7909732,-19.25999,2.1844237,-10.791232,13.464704,1.0
6.0639224,-6.8957877,21.640823,-22.784185,19.665518,-1.76305,-4.324524,-24.637291,-6.2182045,19.486887,12.146883,23.056543,-4.7567053,11.721036,-2.284902,24.145584,12.281501,22.176413,9.440082,14.959615,2.407642,-16.994987,-0.868161,-31.138407,-3.6354392,-15.802039,0.78374887,-0.24473286,15.681607,8.457096,-11.944584,7.2532563,-26.825714,14.889465,-9.91545,-6.107003,6.347816,-1.3071598,16.099798,-6.424873,-15.027176,21.873533,-4.761137,-6.9454207,11.552448,18.896526,22.697412,-3.7161071,-23.03629,-4.075046,7.117426,11.25247,-4.7375526,-15.289883,-4.867801,5.614948,28.455194,0.7366593,-20.654331,-10.844195,-6.27493,4.1113997,3.3773232,-13.345103,-6.426766,11.440036,17.015469,-2.459559,1.3688482,1.9223553,4.6823783,-1.1364851,12.502361,-19.90293,7.0029683,-0.31780416,-27.00064,9.544783,-13.13359,-22.85388,10.400582,4.902688,-4.2146764,4.970449,25.814291,15.139223,-3.620212,3.0014892,32.371872,26.559826,-0.5010673,17.602186,6.014348,7.497106,9.214047,-2.8255663,-6.7853627,6.489399,-5.5022645,14.993783,1.0
8.052318,-24.779856,46.72266,-73.330986,47.759182,-14.102222,-3.485996,-56.414467,-9.8427925,61.823746,45.393234,63.75014,-22.31492,47.33274,-28.393116,65.96668,33.1335,55.646557,31.325312,37.17414,21.431303,-26.21771,13.178507,-87.92955,-12.443574,-50.99551,-2.2014592,10.125161,48.125935,14.959205,-26.575703,40.434048,-65.73774,54.794724,-37.222233,-19.539703,7.347646,0.9546461,36.678486,-29.81136,-49.48715,60.08381,0.09034105,-10.149667,38.55819,55.7596,57.630493,-9.360743,-68.8377,4.25309,8.515084,9.593466,-4.630471,-26.243557,-0.9567731,7.388373,79.61989,-11.814003,-58.732548,-46.822086,-26.405066,9.8228035,-7.885427,-22.445904,-6.682744,33.945522,65.57471,-20.358606,-12.394492,18.52918,4.123662,6.14863,28.226591,-57.197582,20.772137,-10.382875,-71.56851,27.63716,-49.75831,-53.324833,45.769283,37.401585,-13.056208,43.209488,76.13403,53.931835,-22.626944,8.843243,113.11354,68.82207,-12.401118,50.96188,15.854481,27.279902,32.948196,-19.25942,-21.526312,12.198011,-8.231761,5.047257,1.0
5.3302083,-14.441561,27.680723,-39.02811,22.092422,-5.892915,0.80030894,-37.770367,-9.231391,28.18788,30.259104,33.00844,-12.991947,11.6098385,-13.025513,38.458538,20.07474,32.355713,16.82077,18.194368,7.189037,-15.640819,7.436964,-52.75695,-8.466676,-27.717972,0.66065377,-1.1679393,19.657192,11.070973,-18.972715,10.425771,-34.510674,30.797197,-19.389496,-16.953382,14.6651325,-9.0811,18.230404,-18.422247,-26.770365,31.86675,-6.346497,-8.828153,19.764212,21.74033,40.444977,-3.8405411,-35.18066,-6.3493896,6.396989,12.434509,-6.664101,-19.064123,-9.287147,13.172693,46.46176,5.535359,-31.571594,-21.288912,-12.290761,-0.9854996,4.582385,-19.948702,-8.43936,23.222055,39.226566,-14.520422,-3.1239173,5.1835437,-7.1361294,-0.22138536,21.878775,-31.159542,19.531496,-5.0783796,-34.949734,15.552732,-23.914616,-37.162743,10.841376,14.978747,-6.2036586,16.97893,38.744846,30.930351,-4.510634,5.763032,53.176586,39.986237,-5.244831,33.452972,10.756251,8.5366535,10.219092,-7.759206,-11.299151,11.3368635,-11.848817,23.155981,1.0
7.65471,-18.534967,28.743542,-61.905315,47.008553,-11.714613,-7.5015254,-55.240604,-16.701696,44.56252,34.35189,44.279972,-22.457417,19.55869,-19.517725,55.44256,29.900417,37.401184,22.251223,30.639835,20.958569,-11.463114,10.367051,-69.1071,-13.856853,-28.642963,-4.378375,1.0762291,27.473192,4.1370525,-34.88903,24.442602,-55.988888,39.42716,-35.596474,-17.53555,10.032764,-13.01514,21.733526,-24.802368,-39.776886,42.601227,-2.2341552,-4.8500752,21.286865,49.7911,50.784885,-3.0828707,-45.43483,-12.867562,0.14488602,14.899277,-5.4500375,-23.050434,-19.665155,10.267566,65.85704,-4.651535,-52.11154,-27.197474,-15.694532,-5.229058,7.371825,-11.358441,-10.052766,26.250467,49.678364,-12.532209,0.69739366,11.840716,5.2791214,-1.2844089,21.504574,-46.30173,18.973043,-3.9359508,-37.870865,21.906635,-27.486021,-36.000496,20.85947,19.556932,-5.4102097,23.599253,53.316833,29.269196,-6.0083475,13.921253,80.285126,58.873154,-9.658705,38.29284,13.532512,12.685893,32.968384,-7.3187513,-20.21068,20.182325,-11.000598,16.656729,1.0
3.841367,-32.143955,34.80782,-44.694588,43.55444,-1.9633598,-2.5324674,-47.082542,-15.076456,31.91754,36.223648,47.370132,-18.99024,23.110859,-13.690051,48.633827,25.10407,44.30199,14.476258,25.789467,10.194065,-27.799496,13.379742,-58.79435,-7.8720164,-33.486485,-5.0605307,8.674303,21.544634,15.022259,-18.293402,19.48138,-34.80199,46.929306,-22.356012,-21.903023,6.757671,-12.3768,34.510967,-4.592061,-31.224257,52.100483,0.25082293,-0.84904015,33.096523,35.122795,41.42117,-14.166306,-46.541042,-1.7021956,12.067118,22.47839,-8.8784485,-31.898329,-8.407065,10.889108,55.68504,-7.659463,-39.295116,-28.225119,-7.9082956,5.223064,4.2636886,-13.772463,-14.601196,21.621616,47.209927,-19.201212,-5.069764,8.569509,-0.3629971,9.069075,35.325275,-43.67098,20.791252,-4.135344,-39.699154,25.486366,-37.59858,-40.241623,26.908777,19.08892,-6.8466716,29.910152,57.229652,45.40278,-9.20069,8.338114,84.20723,59.92746,-5.2993135,38.30789,9.874061,4.080316,22.666021,-16.685247,-20.344316,9.253234,0.68425405,16.54415,1.0
0.9812779,-19.95191,23.530602,-39.566006,31.222563,-3.2577343,1.7437592,-34.29443,-12.096749,31.896482,25.019245,38.427708,-8.505086,19.02475,-14.05376,43.65755,23.873245,29.16142,14.773733,21.313198,6.6950674,-12.677653,13.212584,-64.580055,-2.419641,-26.689888,3.2575834,5.341821,21.996046,4.8845735,-14.70772,18.866558,-39.20645,26.641087,-13.666376,-12.454691,13.802413,-5.740529,16.056303,-27.37305,-21.150635,39.21194,-6.7642016,-14.145275,12.923526,32.127243,33.316322,-4.0941534,-36.98198,-1.047076,9.761627,13.699479,-12.521085,-12.197683,-0.752963,3.1385455,51.243748,3.4706886,-32.906685,-33.538074,-6.7928166,6.2603316,4.9902506,-16.269434,-8.994218,21.347874,35.17221,-14.571414,-8.36737,1.8308862,0.0560638,-2.5060208,17.628536,-27.394619,13.7747,-1.326164,-34.82888,18.574263,-23.580084,-34.536118,20.310692,16.718122,0.9923029,26.092531,46.96149,29.285425,-10.684891,11.797112,57.280556,43.79979,-20.099398,31.415407,18.531002,8.787535,30.304998,-0.12817574,-18.305267,14.948334,-10.651561,27.063192,1.0
2.2506027,-10.380518,30.476402,-54.289803,34.20189,-4.683564,1.3926384,-45.451237,-3.6487207,39.66845,21.187538,45.72439,-17.365587,32.32787,-16.440968,51.715935,23.49715,38.810158,19.22282,24.606588,9.945686,-18.436626,6.103671,-66.371315,-7.4760165,-32.7605,-10.559826,-0.41145623,22.38823,14.510249,-17.243608,22.314257,-41.76664,30.24035,-25.729664,-11.992636,15.820925,6.740019,25.630108,-20.01315,-36.86598,39.507553,-5.450335,-5.619,17.811214,34.56963,49.72287,4.394665,-40.48363,-3.5108378,7.8478346,15.327985,1.2342784,-23.647058,-11.613704,3.9588742,53.39707,4.500739,-39.699005,-29.492762,-15.557092,4.7263484,-5.247975,-22.798922,-7.962198,26.56406,47.643158,-12.500283,-4.832531,11.891515,-6.474018,7.2820997,12.878691,-33.400623,16.913736,-1.378256,-48.607655,13.410568,-20.677824,-33.58099,25.77783,24.440836,3.0786202,24.523462,40.67815,29.619125,-8.636506,6.389891,75.13002,45.32806,-20.274832,30.307016,11.52952,16.087774,16.339891,-13.09223,-24.18917,7.3330317,-20.628588,11.565698,1.0
9.792772,-17.791265,28.544966,-32.27593,19.627714,-6.0658007,5.9127235,-36.456734,-5.8196096,31.201513,27.714716,33.739933,-8.556983,13.635593,-5.9909105,35.54046,9.376966,24.488338,13.152813,14.7716055,6.519471,-17.672081,5.567946,-41.23973,-8.376949,-25.278484,-0.75751424,4.692721,11.338172,10.566755,-15.45875,14.7101145,-25.470926,25.367971,-14.595958,-11.668868,10.4937315,0.37015682,23.56073,-10.756917,-22.608181,31.821024,-4.746109,-0.03857039,19.55185,17.689272,36.42669,-6.6283846,-31.210175,-1.2023519,0.8621357,12.739396,-3.7149527,-14.040299,-3.6969385,4.5517764,35.72744,8.598183,-32.320183,-19.715511,-9.927943,5.09786,-3.7451534,-14.453916,-6.7782063,11.3166275,30.6749,-7.409163,-6.2491655,12.662143,-4.7253294,2.8877273,13.489743,-29.209312,9.616322,-6.2021723,-32.58558,15.166986,-18.914965,-25.143745,17.146639,15.698153,-1.3904169,17.174213,38.40646,30.69438,-7.092422,5.122395,55.194084,32.72264,-7.394228,20.664854,7.1234074,5.5576277,13.643204,-18.32724,-11.305096,1.55119,-6.4202123,7.9666767,1.0
3.664786,-9.5705185,23.340223,-32.68435,25.17955,-4.7343793,0.4756992,-27.000286,-7.449669,26.080536,9.600269,26.375965,-10.385545,16.887608,-7.547212,30.822712,18.696236,23.80032,9.939534,17.484858,9.411041,-8.540889,1.1094134,-40.56953,-4.7805357,-20.005249,-2.3139532,-2.0244784,19.064915,1.1419125,-17.211252,13.735861,-30.503485,17.463375,-16.268312,0.7994709,8.168363,-2.8689141,12.1013155,-16.560768,-25.2981,15.690177,-8.13971,-8.432426,9.712605,21.24364,21.28314,-0.29986578,-23.417156,-1.0506734,10.706101,4.189228,-6.3073945,-12.442916,-4.008816,8.382669,33.987797,0.6179249,-28.045298,-18.191393,-13.706818,5.275155,0.024343655,-18.379244,0.5377457,11.62902,21.502071,-3.233727,2.9428763,2.163334,0.3524422,-4.027967,12.076142,-23.0024,4.509285,1.1052165,-32.5365,17.387054,-11.082435,-21.33623,6.01279,5.361483,1.3841422,5.01692,25.019987,11.784614,-2.3917677,4.2430277,45.317493,26.56226,-4.8984656,17.77341,8.839272,9.512806,11.975659,-6.1945295,-10.936454,10.348748,-10.709396,15.229152,1.0
7.4130783,-7.7071495,25.207178,-35.893696,14.147547,-3.1987388,-7.6925974,-28.751734,4.8324633,33.016895,15.4793,32.87578,-8.397137,25.02966,-11.164564,30.370083,17.98075,20.727552,16.84163,22.642258,11.749156,-12.338816,-4.8386745,-46.351864,-5.236232,-26.450008,-7.9291773,0.9784701,26.972815,10.294908,-13.58213,15.082128,-34.366673,21.792982,-26.218153,-3.2052972,3.6109273,1.4819412,15.81689,-18.496387,-25.623217,22.94213,-3.4459672,-6.1948576,10.887429,30.630272,39.101658,5.2590413,-24.443962,2.2029815,9.948043,4.7895136,-0.59014916,-15.393131,-6.8709807,2.2495413,40.705685,2.3904276,-26.988699,-16.253944,-16.356527,1.1138551,-7.0375047,-13.682606,0.7296982,14.011358,31.045189,-7.2911386,0.7907622,7.8349376,1.068797,5.4514337,3.9999394,-27.718628,14.282515,-4.8086395,-37.35543,17.824383,-20.074543,-31.297356,21.738413,7.4991965,-1.7066042,7.1362267,33.390915,16.706139,-7.3766546,3.7169318,51.06835,35.33937,-4.052336,17.268816,11.959014,12.073815,8.068889,-7.792067,-17.788395,4.9786396,-13.020702,10.493009,1.0
2.945873,-8.735922,16.806622,-29.405891,18.029472,-4.4224234,4.461116,-27.218021,-6.5256453,30.929523,17.89494,31.700615,-6.6584044,14.170919,-6.397914,30.510113,14.083157,22.337132,7.978848,14.303442,4.7249236,-14.092426,2.4677775,-43.447773,-6.946009,-15.680032,-0.43563905,4.81635,13.953404,5.742154,-9.610461,9.763952,-27.557943,15.890862,-8.855096,-9.879995,9.507495,-4.098199,14.065861,-10.9781685,-18.26097,23.061827,-0.59781414,-5.6442394,13.177775,18.300266,26.173138,0.17758775,-26.068703,-2.3924835,6.2712507,10.515874,-3.040868,-11.19304,0.15429279,6.12488,31.742306,3.4507616,-25.626585,-17.154266,-7.043739,6.743092,4.011542,-15.603158,-5.203023,11.642219,23.303122,-8.905919,-2.1607177,2.0072997,-0.611184,-8.306606,10.557993,-23.087534,9.276329,-1.7700206,-30.003452,12.738425,-15.065591,-22.319359,15.939618,10.49248,2.4206817,8.190282,31.63977,17.484236,-6.1742244,5.3956714,38.45001,26.679821,-12.88662,27.131796,11.63208,8.805151,10.506065,-5.7579784,-7.2176557,4.214228,-9.164265,15.279942,1.0
4.496347,-4.4514976,16.049295,-33.236294,25.723852,-5.683468,-0.73138005,-25.219229,-4.0907555,20.93148,10.58726,21.863178,3.1099114,18.164417,-13.407455,31.261768,16.927269,20.782053,8.259662,12.600198,8.29322,-7.687868,3.0898445,-36.818043,0.62596107,-14.986746,-4.776934,-1.4515772,16.12405,5.265802,-17.1878,18.112032,-21.546469,21.154581,-21.078196,-6.695913,5.7834144,-0.012665581,9.105108,-12.07372,-20.417759,27.764872,-4.715939,-6.0487165,8.295169,26.03709,21.949774,0.71601623,-26.384104,1.1477909,7.1622367,5.223768,-5.525543,-16.744217,-3.1917157,6.221249,28.709913,4.983541,-26.400337,-18.751219,-13.933133,0.41861784,-1.5574883,-9.178893,-4.467581,12.89025,30.48796,-9.868449,-1.5813156,9.704347,-0.52580893,-0.6957357,8.511121,-23.812717,15.104282,0.7075617,-24.595266,13.454985,-11.571745,-14.402621,10.991437,12.246486,-3.2557623,5.8427315,16.492332,14.201648,-8.529247,2.4533572,45.42225,27.135115,-13.848236,21.255241,1.2032295,11.9437895,8.2008095,-7.151392,-9.351834,10.120429,-10.892584,11.232565,1.0
3.8645806,-10.59919,16.399101,-25.46253,14.387098,-1.7214149,-2.8326473,-20.71445,-3.7591202,19.436987,9.668752,24.552383,-2.335931,16.778616,-7.2506123,17.0283,6.523513,19.90406,10.171788,13.78511,9.852654,-8.50412,2.778654,-30.712217,-2.3558655,-20.083378,0.1662299,3.4985044,13.135012,2.9310696,-10.321641,11.474442,-21.490229,19.34069,-17.273907,0.8950739,-0.64316386,-4.7746263,11.486355,-10.2209635,-18.798254,18.795176,-8.16325,1.568126,11.683412,17.493822,22.090166,-2.644041,-23.761858,-5.7601614,9.002502,7.1023808,-0.46644226,-8.584472,-6.406191,3.8485854,28.033129,-0.20523405,-19.07149,-12.775029,-13.12121,4.3409185,-4.9667325,-12.2684765,-7.5744452,9.291062,15.207379,-2.241357,-0.12436204,5.1534667,2.819959,3.4435642,9.639622,-13.386724,5.8804893,0.71238303,-27.871996,13.165551,-15.188042,-18.661053,11.350838,8.111678,-2.413052,11.931396,18.712772,14.273471,-2.3735728,1.6434495,33.08312,27.024746,-0.084430575,19.561455,8.438892,5.737223,11.923679,-8.877592,-11.683739,3.8774593,-10.729484,15.250529,1.0
3.8616045,-10.210138,15.851371,-32.533466,19.405348,-4.3150206,-1.6552882,-28.41826,-2.8489845,22.795286,15.398816,29.068253,-4.1350193,12.3316765,-4.0601883,28.85293,11.391945,21.7429,9.726189,15.645464,14.749738,-8.308702,-0.99814403,-43.36349,-6.1426783,-24.532303,-4.5093126,-1.6632133,20.220465,4.6544547,-12.64828,12.835132,-30.720867,17.32593,-16.064627,-7.423849,6.130982,1.2917591,4.802187,-13.477807,-19.022179,24.340069,-5.5478644,-1.9071504,10.897797,19.850637,24.371315,3.351719,-24.48239,-4.334635,10.0532,6.965068,-5.791479,-13.191143,-4.5763993,6.9675097,32.5222,-0.8191924,-26.26486,-13.557916,-11.049475,4.2379675,-5.596722,-13.83484,-5.273186,13.581842,23.719572,-4.809569,0.866568,0.61825293,-2.892526,-1.7076886,2.7343636,-23.625736,7.6519985,1.6345673,-25.368376,12.974366,-13.806977,-21.017466,13.1759615,10.446622,0.07305364,9.810451,28.644148,16.789068,-3.9183187,7.378977,42.371197,27.745018,-5.8618913,24.867424,11.605626,9.070313,7.9650965,-7.8453584,-10.648073,4.304795,-10.35589,11.132547,1.0
-1.3929268,-0.7294137,17.620377,-29.579567,16.344435,-7.189767,2.8193827,-25.307531,-7.0929446,25.486229,15.2096405,33.247997,-3.8598366,16.34023,-10.607698,30.63442,11.554302,19.915598,10.236231,18.26101,8.596743,-12.720347,3.5482512,-39.736153,-4.6618295,-22.62484,-2.2526207,6.0512996,22.267588,11.045954,-14.468662,12.892875,-28.29938,11.736432,-12.279145,-12.671,9.014545,-3.7463872,7.038687,-16.755049,-17.39161,20.543104,-4.3216476,-8.229416,4.609515,21.21939,24.577757,1.4894079,-26.31449,1.464822,9.13884,9.737568,-6.8383894,-6.6118608,-3.950718,1.2202413,39.108833,2.9107935,-31.572266,-20.20718,-12.938045,2.5958612,-3.7033682,-11.133129,-7.057052,11.764187,20.515997,-6.16404,-2.0753238,2.8020403,-2.378652,0.4395209,3.1022048,-18.562391,12.341992,-5.7275553,-30.281101,11.414436,-13.714049,-24.424093,14.628077,10.368139,-3.9749222,6.522726,25.900034,17.05346,-7.701015,2.9463134,41.835686,24.52883,-9.024365,26.666336,10.600487,7.6590066,12.323399,-4.3901134,-7.0956125,7.880363,-6.953614,13.569274,1.0
5.557812,-8.903215,21.5954,-41.63867,22.079735,-7.746114,-5.7838492,-35.833775,-9.649488,32.61298,17.489569,37.809826,-4.1606765,22.314613,-13.583928,35.340485,15.968519,26.36176,14.30421,23.301826,12.785124,-13.180106,-1.3164723,-55.065784,-3.0622566,-28.271461,-7.4206142,-0.46562713,22.903706,5.3263416,-17.154058,17.11989,-34.07098,21.118736,-27.43397,-5.251854,3.4954896,-2.1898708,15.777757,-17.203798,-24.845346,25.327597,-9.055876,-5.7168074,18.878527,32.38664,39.43706,1.7794933,-30.812033,-1.4889454,10.077466,8.512451,-3.4794154,-15.691895,-7.75623,4.540436,46.048447,3.796669,-36.399315,-18.828636,-13.974237,8.282287,-7.9840255,-13.405311,-7.383966,17.167883,27.365385,-5.501098,3.6017702,7.602301,-0.95657593,2.3247015,8.324628,-27.683435,14.836129,4.348671,-36.752155,13.77136,-15.961558,-28.127428,17.568348,10.77114,0.2565261,12.5104885,32.584976,22.798971,-7.687342,3.7084603,53.675835,41.6609,-5.0157127,29.027224,6.0040474,11.586874,18.199406,-5.842643,-14.0561695,10.487332,-11.76651,16.152184,1.0
13.578701,-57.907772,79.07853,-148.75443,81.94328,-16.490482,9.715625,-124.63249,-1.9998765,111.9741,75.12816,121.199036,-39.519707,81.63059,-61.21859,134.69977,72.00149,113.77483,62.05345,76.926346,19.17631,-55.055023,24.129993,-164.75243,-12.327823,-95.530136,-16.721746,15.756081,78.8999,34.19165,-46.67729,68.622345,-106.58839,91.71417,-85.59845,-18.29771,15.495717,-14.86624,64.70701,-55.162987,-91.93441,104.23545,-11.092956,0.2618367,73.10554,100.664375,124.136314,-10.72243,-121.82232,17.213772,28.643103,33.097263,8.856137,-61.135593,-31.092646,15.999989,144.62727,5.257995,-115.079704,-82.72612,-52.429424,24.15023,-26.927696,-54.498714,-19.590015,41.008263,115.112465,-35.932766,-7.7118564,32.70513,7.2463093,-0.44933498,65.7428,-109.498375,53.637695,-14.154527,-142.08775,70.91908,-80.7123,-100.96409,86.0459,35.36262,-12.093101,58.748596,137.30063,95.69029,-42.95035,14.866151,209.1818,129.00235,-24.696714,89.86999,19.948103,50.69934,65.40603,-44.439384,-42.94631,20.683783,-11.515414,36.917423,1.0
4.1657934,-42.707233,65.51131,-95.48144,60.78426,-12.260705,0.88528585,-88.45476,-18.95468,73.6263,57.70302,92.16588,-28.123312,47.698917,-27.03714,102.65641,43.020103,72.62656,44.15725,39.26167,27.144035,-29.997278,11.173091,-127.025894,-0.3327182,-64.606674,-4.78963,0.30818427,43.05079,15.343845,-45.28329,39.87239,-70.84656,63.19567,-45.443584,-17.891478,19.199583,-4.478965,38.00637,-45.26551,-74.67257,69.94989,-16.728203,-14.566436,37.994125,70.48354,86.66327,2.723069,-84.39427,-3.014732,17.25295,23.07923,-0.4431203,-41.586212,-15.659139,18.602947,99.52849,11.761386,-92.04522,-59.447872,-28.090677,16.649271,-22.104975,-44.676594,-18.494576,44.044994,82.205376,-23.879921,-4.761328,31.955465,5.6624336,-11.77613,48.141644,-72.84088,37.88052,-6.1803274,-90.84227,40.393078,-48.91295,-68.20139,44.092274,24.319477,2.2563107,41.475113,86.132355,58.725784,-22.619024,15.900815,142.01367,94.16818,-17.267889,68.46247,16.962267,22.857573,43.720737,-22.35763,-33.366745,13.480873,-31.562859,31.690662,1.0
13.055782,-24.448505,41.937675,-92.84194,55.292606,-13.8996105,-3.5734081,-73.82047,-10.765056,81.294174,32.36813,86.02831,-18.671816,49.78762,-35.20287,83.22947,41.110027,61.37799,34.168797,56.241898,28.47561,-11.0481615,6.274836,-128.47104,-7.440172,-58.16965,-11.2839575,-7.5740576,47.623405,15.643612,-39.574078,44.956398,-82.8268,48.409153,-62.652805,-6.2545485,14.0869665,-10.017617,24.140806,-57.088596,-63.491455,58.385036,-16.90932,-15.394448,29.730968,82.414604,78.54442,3.4319136,-74.33988,2.707245,31.840014,14.722624,-13.036668,-39.123478,-21.178535,8.970708,101.25068,7.882555,-86.09207,-50.073986,-39.78687,9.381628,-13.808175,-35.758057,-18.421186,40.418606,72.0101,-25.556522,-6.123754,14.744583,7.233265,-9.091001,26.756855,-62.602688,29.158321,-1.9268804,-88.322136,32.42922,-42.059822,-65.52568,52.66988,25.468676,0.98099685,36.57357,79.487495,42.025074,-21.83001,15.932886,133.44548,82.6977,-24.609688,72.54896,20.271723,26.388674,43.74022,-16.83812,-41.493874,26.231127,-37.965374,39.258797,1.0
6.6866393,-22.603138,26.609398,-26.559256,21.320951,9.314503,-3.015393,-27.295677,-7.184386,21.399578,20.750662,22.575476,-17.794924,17.94992,-10.356954,35.08654,9.42406,28.558006,6.9962273,8.067016,-0.57766765,-12.853774,7.7507024,-39.73136,-7.5163274,-28.465258,2.1815681,7.169605,8.894765,4.682422,-5.603664,16.037329,-17.555271,24.121033,-16.293291,-7.295262,11.708467,-0.10834661,23.60416,-8.607927,-16.191908,33.356594,-2.3984947,-6.291868,12.202184,16.784744,35.95356,-5.1372986,-22.172832,2.42476,3.7249641,12.429285,-8.240874,-15.780874,-1.7212251,1.7628467,33.667442,-7.467235,-33.83737,-16.354498,-5.1904583,1.3721318,-7.5420732,-13.050261,-6.737451,10.592214,27.96799,-17.243544,-11.71386,9.776837,-1.6079803,9.43722,25.76879,-26.11737,14.082814,-11.020846,-21.758682,16.318367,-25.186808,-25.097925,15.80934,11.242893,-3.0856302,18.430052,28.11925,29.549604,-7.7470155,7.2712145,51.84753,32.7359,-5.5454345,24.200785,-0.07851381,-0.37828705,16.599716,-6.930392,-16.304344,6.113343,-3.276627,12.861261,1.0
