4.3791103,-18.614277,13.994319,-16.060106,19.168192,-38.043102,-6.7356005,0.07743554,-26.962587,86.19244,74.111626,20.650986,-28.992943,-22.973043,-0.30868036,78.344795,40.745136,-12.923451,33.73061,34.246063,-7.7912226,35.23719,34.478527,-67.08628,21.478024,-21.403315,28.573565,16.034954,53.89601,18.373346,-6.0443335,10.370759,-24.2375,36.05518,-13.794644,-2.4794319,-18.413544,-28.120123,1.993582,-40.12337,10.769774,76.21273,-26.294256,-28.432148,3.9942238,25.069077,25.132027,-10.54695,-46.98907,-84.820435,-0.5674771,12.326022,-11.0422125,-9.815362,-8.085614,-1.1888294,28.373446,11.447236,16.701628,-32.895294,42.730713,-16.733946,34.97642,-31.155863,12.33861,30.43385,28.23913,-31.828842,83.73761,38.147064,21.62526,19.545637,44.378166,-14.30921,-44.529053,-11.139395,-11.779889,24.873684,-2.970252,-3.1694388,1.393447,4.2425313,21.026989,-2.1002328,15.0432205,41.676388,35.98326,-20.930578,48.084187,-5.8935943,-18.730581,0.8510858,-4.113727,-7.2631383,46.270004,-30.624426,8.856607,37.53717,14.026211,-36.62577,-1.0
10.009543,-11.7949295,9.914067,-7.5017633,18.355858,-6.8005486,-6.1497846,-4.4259143,-6.6779413,16.613632,23.09289,14.548954,-14.303061,-2.2938693,2.285897,21.175756,9.830144,-10.358253,10.052951,12.804626,-0.5055348,12.116946,11.479656,-15.515069,10.82154,-10.168779,9.156089,17.054882,8.136252,1.6977092,-10.380045,-6.946908,-4.8264947,8.4399805,-0.81278706,12.151313,-4.5262895,-7.4009905,-1.5991763,-9.495973,-2.212347,18.455286,-2.274601,-7.147801,3.9270868,8.301154,5.911808,8.999349,-8.870455,-20.560207,-6.576978,-10.935716,-6.7240806,2.8156123,-2.9223337,-5.779269,10.427984,6.324461,-5.251473,-8.284695,13.181614,-1.8978753,19.198317,-8.207079,-0.72012806,5.6932335,13.968035,-13.167186,23.407064,13.246339,16.640236,7.7523255,7.4530735,-15.4910145,-10.44952,-10.398426,-18.51839,5.061698,-2.131147,-9.498312,0.20684193,4.5117483,7.762518,-9.478087,3.6946867,13.696916,13.393588,-2.8860269,23.387295,-10.247271,8.496786,5.7894487,-4.530756,4.0044804,11.474302,-2.8181093,-3.9287746,16.912823,-5.1601877,0.36593607,-1.0
-19.075499,-38.767086,23.465715,-30.65571,56.992622,-32.502537,-18.489988,17.011986,-49.20585,78.57368,73.393745,30.606794,-65.71579,-24.716837,24.950024,65.37523,13.386853,-13.872055,27.35991,31.469536,6.522429,4.761445,25.26608,-45.32793,36.01767,30.479834,27.993877,-28.377348,12.001522,22.403141,-7.489159,-16.506601,-43.87459,74.03377,-57.72224,14.232434,27.89305,3.4160175,-30.04988,-67.44621,19.762964,52.299225,-30.083925,-36.327084,1.755647,16.814745,-18.191324,-6.688944,-55.67471,-46.26597,-39.8032,-12.168884,15.847263,-0.7960443,1.1047155,4.637653,11.647202,2.0692186,1.1547561,-11.599671,40.524006,3.2985158,13.499634,-39.55914,32.753056,37.43551,8.935176,-7.623464,63.218422,32.480045,61.975952,44.305214,50.551872,-34.782024,-56.597046,30.09638,-78.53104,14.889581,-18.432987,-15.838396,4.8310814,-19.85801,-12.5746355,-21.86406,-1.6362755,31.0475,38.589687,-20.860512,63.052948,15.17042,25.631588,21.98261,-1.3790803,38.82408,36.723587,7.71207,10.087786,31.474997,7.249708,4.0549107,-1.0
4.418388,-18.493055,3.604831,-14.919326,14.580838,-2.8167224,-4.9777646,-5.9475856,-7.460218,16.649405,23.883007,8.1290455,-20.771862,0.21793301,-2.083696,23.45309,7.756953,-0.95969266,3.255595,9.728882,-0.5856712,2.872467,7.68449,-6.3031325,10.176859,0.10872309,8.993851,3.8312268,5.0393777,2.7857196,-3.172823,-3.0222538,-4.927757,7.9779263,2.8831778,3.682548,-2.2667007,-3.772264,-5.9391727,-13.266784,-1.4042729,12.200072,-7.9868493,-7.8341985,-1.909327,8.305629,0.5030839,6.293119,-8.465924,-11.183942,-7.2942514,3.0646787,-3.2602391,3.8833733,-0.2349499,-0.8298429,1.6373129,6.3487263,-5.4459286,-2.4567559,2.4747121,-1.5181361,10.980585,-14.326317,6.9408946,9.348575,14.105902,-12.263465,15.43594,4.9878883,8.679783,1.4620738,13.182987,-13.645567,-0.583814,0.8230622,-13.198215,-1.8112459,-3.980156,-5.659258,0.87670493,-0.7674069,0.6120879,-0.7449599,4.0654483,4.6105485,9.95836,-4.7991295,24.603607,-3.7340536,8.717937,8.583553,-1.668371,3.5783942,23.85921,-4.2957926,-6.3171115,15.0643215,-1.0265597,-1.6543308,-1.0
-2.461202,-30.10137,9.723531,-22.76298,23.173708,-15.482508,-12.001387,-1.4013808,-24.398342,41.75726,39.86384,21.983253,-30.410824,-16.485218,1.0206207,48.329338,21.20945,-6.7914844,12.088196,20.296047,7.084323,16.258373,18.481993,-21.954351,9.137955,-6.0879364,18.409649,10.176962,20.068516,15.194138,-7.616451,2.2775168,-12.032252,18.625835,-10.5276375,12.677663,2.7944427,-11.782476,-18.700645,-23.384426,-2.319469,26.032154,-12.762638,-21.112204,-1.1987921,12.304008,4.5096016,4.5935197,-15.481479,-30.940493,-10.336748,-1.4665723,-4.4622455,-0.5282018,-12.124206,-6.757654,5.823465,10.286944,5.6396027,-11.644402,12.462246,0.58767444,16.207088,-28.199694,15.123804,20.704546,9.891055,-20.2638,29.56534,5.9642553,11.348552,-1.50349,26.402308,-15.341299,-15.699099,5.3154154,-20.42783,5.2490096,-4.4044647,2.5936823,4.2238865,-0.8898172,7.408921,-5.037268,22.957222,16.650171,21.390211,-19.63489,33.33365,-3.562325,12.275782,16.50316,7.4916177,7.094576,38.67912,-10.897214,-3.8305256,21.2227,4.0885057,-18.048922,-1.0
4.242138,-32.19937,16.77539,-5.372732,20.492245,-12.529193,-3.2943969,-10.109067,-16.391285,32.778828,27.299875,33.51153,-37.344463,-15.902387,3.8275838,40.545662,19.794245,-3.8244298,4.42729,10.46629,-17.885094,17.631502,11.255575,-21.933504,12.685939,-18.04505,22.435452,11.29344,21.422611,6.4158006,-23.53378,0.45444235,-14.107485,13.4065,8.647845,22.242687,0.8478842,-12.171485,-11.259163,-15.043768,-0.9433749,15.4455385,-7.354513,-19.153833,0.7290392,9.333042,-4.320169,7.1772547,-19.185574,-13.983687,-7.7816024,-6.1200924,-10.051585,3.1521108,-6.891002,-12.5369,12.703031,3.9163544,-2.3749976,-11.470942,11.713388,-3.985427,23.505447,-24.567053,1.4223131,16.351492,17.873276,-21.9192,31.682945,19.75425,17.39253,-3.428817,24.67827,-19.17382,-21.932713,-1.4461445,-30.229885,-4.4367366,-3.4973428,-6.748608,4.6257963,1.3577466,-1.3883829,-16.513077,18.455204,15.403526,19.119167,-3.584203,52.027752,-9.096656,6.7053523,25.265179,7.474604,-0.8053601,28.913145,-2.5516586,-7.717653,22.985771,-8.996389,-11.639279,-1.0
10.2562275,-53.050358,26.930273,-16.218979,40.641964,-16.373552,-17.740482,-16.648556,-15.439713,58.392017,52.764328,27.64056,-67.37741,-42.46332,-0.7708581,74.35433,30.43463,10.084838,6.1912546,6.431775,-24.335028,32.07659,32.9127,-15.23998,3.629334,-21.708696,22.748209,6.598168,47.201237,13.749398,-22.95833,8.098785,-31.99959,35.218456,15.812847,20.542912,9.326637,-14.127949,-2.773493,-28.077612,10.957434,43.331367,-16.501606,-38.475624,3.2762687,20.328638,-9.497159,9.764466,-34.513134,-14.004719,-7.6918187,-1.6490245,8.051812,29.155708,-12.578537,-36.931324,3.205682,12.003594,-0.71000046,-13.238804,25.034805,9.406477,30.736506,-40.483395,12.571264,32.601143,35.70967,-28.933395,73.980934,21.286476,6.2046905,-9.862176,42.6337,-57.96936,-27.751965,-9.097125,-44.839317,-25.164665,-24.767897,-9.0816555,14.740558,32.371513,-6.6895037,-15.72308,45.294594,38.32035,25.981113,17.288061,95.85567,-12.762703,24.658289,34.5407,11.214672,6.754171,62.724285,-6.8518963,-23.564693,32.179592,-19.611427,-15.893858,-1.0
9.479287,-33.727306,19.358946,-14.334798,23.126316,-16.01395,-9.718746,-5.141439,-9.538285,45.382904,34.066998,17.34494,-39.540676,-7.1945724,5.8734293,46.08008,22.51371,-2.3173144,17.961742,31.830078,-4.541945,19.849947,16.338242,-15.93798,12.666185,-15.206297,12.825369,15.266191,18.70745,5.612067,-9.985673,-18.096169,-14.170603,19.783718,-4.059325,15.743296,3.7845633,-8.23371,-12.25432,-26.825434,9.404826,19.5484,-16.07342,-8.873262,5.3428583,18.965012,9.615961,8.108509,-10.819057,-25.151382,-13.931303,3.4606867,-3.851277,0.34464002,-8.165874,-10.369781,7.9887486,15.130707,1.8204594,-15.242334,4.0685854,3.1665683,19.345705,-20.152859,8.262073,13.13335,18.332066,-11.788836,40.474815,11.979411,16.637037,-1.459513,23.902992,-28.149794,-20.5873,2.9686139,-25.556524,-1.986779,-16.653275,-0.8101437,9.431819,8.163315,3.837375,-7.3967075,13.264442,21.080982,19.520573,-12.425814,37.83782,3.5998683,5.894535,9.161846,-4.1426406,12.874201,40.643444,-3.3609612,-8.473353,25.662235,-11.792569,-18.870642,-1.0
12.7613325,-24.656168,18.278456,-18.249884,24.373966,-10.85197,-12.204449,-4.659137,-5.287877,21.108635,28.566454,15.868992,-41.788437,-7.8583517,-5.0440035,31.336058,15.993359,5.887303,4.6309257,27.05187,2.6628072,9.506672,16.118982,-8.71888,6.8356285,-7.3746333,6.0799336,14.55665,16.517057,-2.6384149,-7.3426657,-16.898304,-11.219617,22.606693,-7.425314,14.180194,3.697702,-4.9220624,-12.821633,-17.779804,5.2926683,17.238455,-5.609831,-8.631663,-1.9450027,12.4717655,0.98067194,11.274195,-10.959774,-19.795197,-11.766402,2.8434668,-8.920574,-0.7128975,-12.81261,-8.32116,13.411027,8.730299,-11.021361,-4.96233,2.2594767,0.46807075,21.674355,-27.01514,1.2897749,6.825747,18.803305,-14.186691,31.339552,16.065306,8.467465,-0.37173384,16.569735,-21.19049,-16.890858,-0.93995833,-26.208267,-3.9473932,-11.423897,-5.8185396,5.6668367,11.235657,4.876767,-13.374674,13.075345,12.839746,14.211353,-3.0342946,32.302692,-2.5343764,6.5925775,13.324342,-2.9786005,16.894674,34.097046,-1.8306171,-10.281648,23.386353,-12.433178,-8.487461,-1.0
2.1079514,-28.843355,13.653975,-15.780096,30.74505,-9.94836,-4.1704526,-8.094102,-11.775336,35.44938,38.998245,22.790834,-34.571358,-8.158871,-5.2377057,48.19196,16.184734,-3.2742662,7.039211,19.435953,3.1072412,8.841321,9.999767,-14.836907,18.809511,-5.274514,22.784122,12.94575,14.509756,6.323311,-5.0975943,-2.2366095,-14.07909,13.288191,-3.1467512,10.47328,-5.0126963,-11.837354,-15.598816,-24.641314,-1.4140803,25.93419,-17.234549,-15.077182,3.0369306,18.634546,1.9524703,10.867529,-10.041933,-22.095272,-11.878524,-3.0001497,-4.3272324,6.9313593,-4.821366,-1.4068244,7.7251816,12.705992,-2.2632172,-9.424778,12.334365,-0.13268106,23.32318,-23.557968,17.408228,13.823796,16.260532,-24.530554,24.611818,14.230878,13.374271,-1.9587247,22.470129,-22.62246,-10.03924,1.3105589,-24.303492,1.0551851,-3.5974584,-8.653731,6.965715,-3.4376218,5.6932807,-8.126448,9.271034,13.632577,17.153868,-12.479547,46.575497,-4.999243,21.879711,18.309502,-0.6083388,8.664926,33.523582,-11.078274,-3.2496037,24.09543,-1.693448,-9.166312,-1.0
-5.175848,-7.835136,9.063078,-15.000726,16.412624,-11.1888895,-1.897973,6.275484,-19.105846,33.75425,23.482325,10.169648,-12.2453,-10.797764,10.724981,24.21142,15.788947,-10.059391,17.987867,11.491329,4.695471,6.163727,9.581215,-25.409536,14.756624,5.5774693,10.607145,-2.1041262,6.826078,11.666783,4.0754256,-3.4428866,-18.322502,26.23341,-18.81275,5.5846934,1.4642437,-10.361453,-8.530701,-23.475483,6.3575726,25.08473,-18.221767,-19.047499,0.13654728,9.39247,2.3209672,-3.7735033,-16.393454,-25.431076,-10.099865,1.4786694,4.96593,-1.1028941,1.8650489,3.746133,4.040198,6.844968,6.4186673,-4.4264264,18.375435,-0.5525981,2.8643808,-17.432995,16.483469,13.00502,6.0325336,-12.763155,20.947573,11.841363,19.642765,16.740294,17.546747,-10.917828,-22.241835,9.306533,-14.593,9.928171,-11.497172,2.3980258,3.0579,-5.790837,2.6789916,-9.144415,-0.8944949,13.175908,13.433582,-12.564451,21.736914,6.5570436,6.0775895,3.9597168,-3.804674,11.072374,23.493488,-7.8004904,2.546119,11.05511,8.312948,-7.114876,-1.0
14.099326,-18.310581,15.113749,-14.69091,13.4847,-15.449993,-7.912455,-1.3048332,-15.353899,35.552345,40.579685,28.238049,-37.585613,-3.6497571,4.401274,34.703556,19.830841,-3.2235727,12.4909315,15.049446,-11.614591,28.254738,13.634758,-16.794933,2.692971,-13.677658,21.956554,9.718044,17.48127,3.005639,-15.024368,-1.375109,-8.623317,20.364315,-6.611481,8.660341,0.42086494,-9.995487,-8.326938,-19.4367,9.678772,33.744278,-13.80715,-17.47911,3.9251766,6.3368587,4.098107,9.679711,-16.181948,-32.748714,-12.482517,-0.90791404,-3.5620959,-3.7085543,-9.927577,-19.121822,18.60066,15.47112,3.3226273,-20.914371,16.414415,-6.284248,11.085116,-10.212873,3.6880326,18.524899,8.801707,-15.172674,38.81524,15.339552,9.761928,4.05998,30.850727,-19.33319,-6.0250797,8.83532,-27.287401,-12.306704,-2.3232782,-14.980251,9.099343,11.630659,-0.46133655,-8.438857,7.8947496,31.956161,15.689025,5.4285493,36.34363,4.8187485,1.1702046,11.542485,-6.0795784,6.1106696,41.356136,-6.869296,-13.933199,26.774172,-2.3458405,-13.571871,-1.0
24.512993,-28.55429,13.8315115,-35.263786,26.60788,-3.743343,-9.27306,-7.3948483,-28.202982,50.431343,55.710033,32.279995,-45.29052,-10.924812,-4.324826,62.092854,38.363056,-0.97127104,23.21494,15.235309,-25.64852,33.583763,18.438913,-27.7547,8.126696,-24.004337,38.86865,17.572447,37.262844,12.361001,-11.592198,-17.320822,-29.113432,42.413826,0.91038275,17.016077,-4.5649343,-39.77497,3.5146043,-19.521849,8.342014,47.851505,-22.019648,-24.026056,10.806877,17.570093,18.48759,11.060085,-30.911053,-42.926167,-19.930923,5.584294,-12.9926815,9.462328,9.728725,-29.645863,14.517925,6.968867,-0.7267684,-43.883137,28.304253,-9.30126,33.90622,-16.168375,9.228027,29.051296,33.86282,-22.161293,67.49932,15.954577,22.542625,-1.8358212,40.290333,-33.42603,-29.70179,-0.15372816,-46.14708,-0.24895203,-18.06225,-31.18332,-0.010708123,-2.338346,16.980963,-28.762243,24.642855,34.699554,34.948074,0.8015499,76.43946,9.793428,-3.8007283,31.567837,-12.520771,10.872098,48.552704,-5.392634,-29.160727,34.874992,-7.6471605,-17.082607,-1.0
-2.5317924,-28.033728,9.897719,-13.275606,21.459799,-12.014472,-4.3255944,-11.929053,-7.258634,19.365389,29.415777,22.484007,-35.27814,-12.100046,-3.9667795,30.326641,15.898449,0.276154,6.4296513,12.840449,-1.1407694,10.519662,16.553164,-12.900306,15.513708,-6.6750584,14.272265,18.322159,-0.18782163,5.7331014,-9.983056,-11.675805,-14.054888,11.900475,4.11011,9.693638,3.136213,-7.0427227,-12.979197,-19.2037,-0.91952515,18.462328,-7.1343937,-12.609097,-2.1201682,8.653456,-0.65232444,7.934817,-15.534541,-14.056982,-7.683588,-4.8100395,0.18611625,-5.599017,-4.5326242,2.1340232,16.190248,13.338359,1.1498567,-0.59011984,4.5100856,-1.5252546,27.199158,-25.21655,-2.215432,17.309513,20.119926,-18.801594,23.832897,5.893953,10.311499,1.5683479,12.253051,-14.801917,-9.350125,-1.346926,-27.532019,1.6916579,-4.4762993,-0.24566111,3.9801838,-0.9585877,8.179216,-11.516139,4.0979695,0.57040197,13.700845,-7.6786776,40.56511,-3.4197035,18.271994,15.830617,8.179366,14.682246,23.156683,-3.2112303,0.70110095,18.960949,-6.1904707,-2.7938285,-1.0
-22.250256,-11.9428625,18.918428,-38.855133,44.50016,-27.439533,-6.6261115,14.383442,-38.855946,66.89233,56.570232,35.127693,-33.06635,-22.600622,16.027557,46.225574,20.371973,-19.261936,31.424025,28.864355,12.044645,3.9843893,17.614609,-40.5679,30.514565,27.504644,26.688234,-16.150654,-1.184232,26.890814,3.5880592,-7.4809465,-44.974476,59.83248,-44.61332,9.7764225,4.597492,-8.776148,-18.39589,-52.675804,1.1646662,49.13618,-31.824389,-33.742306,-8.784323,16.016573,-4.2536736,-11.46634,-41.79125,-36.016144,-35.046894,-5.805168,11.444296,-0.38535303,14.107992,22.971842,4.0241566,5.3396254,10.756043,-1.9619277,43.282146,-4.0843635,14.153438,-34.33043,28.999937,32.015976,10.5179,-22.084616,51.578846,26.821236,65.25902,44.83058,28.308477,-28.29792,-44.506275,12.533474,-51.137764,30.754513,-26.210192,2.4099834,-1.8673317,-23.230057,1.8766882,-25.759851,0.24269617,24.223028,21.07977,-23.365538,61.10388,12.305648,24.637877,16.622902,-6.774053,42.45928,36.142475,-2.1051328,7.7708955,31.775131,23.385054,1.7123246,-1.0
-2.1007571,-60.431812,24.535961,-29.86872,45.675068,-20.406725,-9.01968,-23.004108,-24.2055,37.52238,75.098816,50.0318,-71.70947,-29.13256,-20.283747,68.7962,26.38335,-0.20525487,5.7898026,33.912243,3.881688,13.153124,27.505701,-25.485159,30.518623,-18.492956,22.966547,39.835243,1.4720334,13.965895,-4.280487,-24.498928,-21.607937,26.051876,13.775525,27.443485,-3.3884916,-18.298885,-21.890917,-46.698444,10.708822,46.779278,-21.504034,-26.337275,-11.679338,23.194323,-5.5735736,21.147955,-16.932161,-23.53793,-16.94993,-22.306305,2.442997,-8.3562,-1.9474144,0.5132961,24.155493,19.834692,0.32598084,-2.750398,16.00836,11.017278,53.273518,-51.15537,18.372686,40.697437,39.520237,-37.00157,44.13635,16.47814,30.265406,9.997038,20.404701,-45.75375,-16.049356,-5.729146,-56.842026,13.83436,-26.005,-7.371766,18.482662,-3.777974,23.510214,-25.217497,5.8850517,7.3778605,28.020235,-8.1917305,97.35406,2.4955592,54.590397,33.016033,7.0731664,28.626085,48.711964,-27.234386,-5.0723658,52.746235,1.0986496,-4.9862604,-1.0
-1.5458646,-32.887035,13.430946,-21.974054,31.741125,-12.270826,-11.279289,-6.1299725,-23.327913,25.802393,34.983887,20.646685,-26.88207,-16.994535,0.37441242,38.819206,19.37009,-6.00924,13.63313,21.041878,-11.066707,12.680401,5.0915656,-18.718174,10.893022,-1.2801001,19.432968,13.543268,8.439745,12.286806,-15.718045,-13.023228,-16.497465,26.73967,-9.515542,17.150059,6.342016,-2.6294987,-5.264142,-18.667734,1.9598509,28.016119,-6.833447,-18.090908,-0.54234916,12.366419,7.215834,8.883767,-17.088892,-15.72459,-12.451202,-5.5578923,-8.757696,4.8803015,-3.2437825,-11.101078,24.637455,5.4670653,-10.108423,-15.175551,22.629099,-1.8781235,28.89429,-17.046227,5.9467254,19.932531,17.479485,-23.307743,39.072685,13.827282,37.023857,3.9346235,28.417814,-32.20444,-23.332354,-14.573927,-52.389656,9.216613,-15.463179,-15.32096,4.6567984,0.6602099,10.628543,-30.809227,10.725187,14.760202,16.46423,-2.4214475,59.255356,-12.480773,2.226196,17.247484,-3.0189853,15.796413,25.899775,-7.1375084,-20.874905,24.527693,-5.40872,1.5939447,-1.0
10.460624,-24.742802,17.713814,-21.324968,28.399117,-3.2302299,-7.771139,-9.193822,-5.469858,30.093294,43.368042,10.335515,-19.07728,-11.678923,-1.6506436,37.84865,15.823057,-4.8623405,9.438764,23.842844,2.1052809,10.081719,9.646217,-14.233302,13.076818,5.6647882,19.520815,7.0845428,5.4599895,1.7727909,-7.1328406,-13.376971,-18.320377,17.444502,-3.740732,12.299553,-0.09364915,-7.572326,-13.935886,-26.937624,6.9519725,20.466482,-11.059565,-13.2733965,6.901872,14.511854,6.5028076,9.706236,-5.370842,-16.67034,-5.9425373,1.2007871,-0.175754,1.7103138,-5.3224,-8.847403,15.40423,17.272327,-4.9259477,-13.881154,12.939584,-3.313803,22.647738,-26.992174,15.053866,13.649004,16.495853,-8.6342325,29.437067,13.067378,17.765232,-2.3290231,15.06139,-16.79104,-11.594537,1.5476013,-32.04488,-4.9178023,-9.048264,-8.559436,-0.2074268,6.399396,0.14901695,-9.317469,15.05941,16.813934,15.272327,-7.919818,44.873016,1.1226727,9.441387,9.120258,-2.3259418,15.525667,35.051186,-8.265572,-3.74051,15.541684,-1.4393504,-12.069727,-1.0
-0.23516697,-19.344887,2.8405647,-14.709322,7.44326,-13.524106,-4.7143497,1.283511,-6.268713,29.40234,27.977154,8.54722,-16.927189,-5.335392,5.2020736,19.3494,20.846657,3.73762,15.300042,9.08966,-8.043706,-2.2628913,2.8408022,-2.417557,-1.0504621,-8.913742,7.1209555,12.38999,7.386702,15.869021,2.135581,-2.7014847,-7.1413016,17.22938,-6.64726,4.151594,-3.1991477,-9.786459,-1.4857252,-18.630566,0.90101695,11.950677,-14.37333,-1.5257661,-2.1799798,11.219938,9.6786785,7.8646364,-3.4412236,-22.389118,-7.814649,1.333703,3.558095,11.452993,2.6385891,-12.346049,17.180872,12.220998,9.04738,-10.084454,16.654606,0.20114027,2.0575902,-1.0347354,12.839986,1.0786953,5.0272217,-9.391297,26.963339,5.1542826,8.8602,7.54671,11.807574,-9.96507,3.1414332,10.226078,-12.546553,3.3003693,-16.833094,-0.8097783,-7.9832845,8.881348,5.2676105,3.9266815,12.890127,22.165176,5.736216,-13.824957,28.558352,-3.529419,0.29118288,5.358538,-7.62539,-2.766457,25.683971,-12.197623,-9.125119,0.6328938,-6.414757,-15.813296,-1.0
1.20612,-12.005452,3.902005,-7.716058,7.9071836,-7.0436735,-7.7169623,2.8177233,-5.1846504,17.909777,15.612949,4.802869,-15.094872,-2.5855904,2.302328,16.351301,12.209861,5.2792606,8.3647375,6.2454653,-4.7116327,-3.111557,5.187701,-1.8734322,-0.99454856,-3.545055,1.432925,7.6561265,5.0909286,8.265914,3.436023,-0.024770975,-4.4797854,11.309301,-4.918095,0.035570115,-3.2240038,-3.2154121,-0.58735096,-6.925996,4.013089,8.715296,-8.66396,-2.768426,-1.6572639,6.832308,3.683591,6.6935472,-1.7096839,-11.802396,-4.2370205,3.3812454,0.088841945,7.923373,2.0175648,-5.17356,9.3201475,5.396708,2.363316,-7.677968,4.2787943,1.5823541,0.9846269,-2.388122,5.3993483,3.5819,6.198158,-6.8028636,18.194525,1.0813513,7.1440487,1.9238102,11.725991,-7.323732,0.39503825,6.1164265,-10.171204,2.425768,-12.037171,0.087554045,-4.9122214,6.4630256,3.1819792,1.56429,7.1426477,13.255194,3.1152606,-6.316095,19.939749,-2.400817,1.484966,4.3898416,-7.6326537,3.4870124,16.119839,-8.939897,-6.186461,3.9381385,-2.706843,-9.953193,-1.0
-0.7711781,-15.431375,4.3940825,-13.762558,12.422458,-9.703433,-6.836567,2.3323069,-4.166697,22.291515,21.862991,9.102931,-17.287752,-3.1671987,1.5656292,20.375158,13.622597,2.458393,12.027327,6.6214967,-7.008316,-2.7485394,4.908352,-5.0948367,5.201978,-1.3230437,2.9396322,8.399263,5.149997,10.214612,5.134723,-3.0735364,-8.154581,15.481868,-5.2821774,1.18696,-5.235304,-5.6176014,0.19205311,-11.605205,1.4558871,12.685676,-14.065544,-7.003988,-5.600507,9.691393,5.478232,6.123556,-4.2149053,-14.973098,-5.772089,1.9449098,-0.7608104,7.227641,3.9597838,-3.2414792,14.554431,6.81754,5.9442573,-11.625764,14.827047,-1.7190703,1.8225771,-2.8749373,9.471703,5.3616934,4.163624,-10.172943,24.09801,1.4338979,10.583046,6.5924044,13.323975,-8.5723295,-2.301658,7.601823,-13.393794,6.407457,-11.522774,1.2057409,-4.9284105,7.80599,4.7048154,-0.52844393,6.784773,18.678652,4.2552214,-9.264084,30.079197,-2.1141171,0.8165599,3.456672,-6.0811334,2.9768128,20.828747,-8.393465,-7.8312464,4.5281796,2.279238,-9.199503,-1.0
7.910864,-26.099405,24.64232,-19.771036,39.05699,-10.990935,-16.132896,-15.183471,-6.0087504,35.91318,39.494987,10.40483,-29.12768,-18.312962,8.768867,29.976303,9.674486,-25.26407,5.7278833,11.206238,6.009823,24.568657,32.46762,-15.891035,-1.7069672,-20.802586,14.634973,-7.2274284,17.522312,12.261818,-7.876142,-12.857207,-18.568647,38.349815,7.889845,5.5185075,5.8701334,-10.192756,-7.6917663,-26.387222,14.582468,28.445944,-12.531553,-31.201471,5.1465073,-4.7954392,12.695756,22.264383,-7.4612556,-24.152555,-6.414729,-9.494627,-2.220965,0.46880406,1.9194357,-17.592535,1.1893051,-2.3973622,5.741693,-27.788681,20.814161,-4.191967,19.992104,-18.273575,0.572418,26.849869,35.36751,-13.191246,40.308598,20.414639,-6.988173,12.1011915,28.518154,-19.895645,-18.628822,1.048501,-49.68171,-10.75087,6.331569,-11.388457,-0.16823587,8.888218,-15.051439,-17.68472,18.255695,30.395863,21.837582,13.596296,70.219246,-7.5004363,-4.549687,26.300838,0.36681718,2.629124,34.679462,-17.854805,-10.503082,18.051783,-5.4658804,-5.4994364,-1.0
16.392237,-27.246109,5.878106,-26.612642,17.748358,-6.622028,-1.4171894,-0.00941791,-22.57153,19.410835,25.082733,19.28102,-30.795815,-23.707975,0.33771193,40.832855,26.238558,8.340737,9.867629,-0.454412,-7.3247914,16.660883,9.716283,-21.02478,17.38582,-17.684937,24.160566,15.449196,18.63389,4.0784793,1.4943913,-15.568672,-23.359331,33.777786,-17.211285,19.863682,4.4764123,-19.067196,7.747213,-18.241283,6.0963874,15.298951,-13.191168,-18.69652,8.89032,-3.1228087,6.0144033,-10.637296,-0.8292198,-18.997375,-12.676228,-20.916904,-0.4074584,1.3265454,-4.0501633,-20.918669,-2.5009406,2.6595035,13.165068,-29.452108,15.901046,-25.563444,20.342869,-0.16059792,-0.7769881,20.337852,28.973694,-6.6195164,30.853525,5.559568,9.464342,-7.1878204,21.784782,-19.297117,-18.741394,9.040585,-31.248363,-9.694228,-7.584239,-9.970903,9.217252,0.15290818,-3.846301,-24.750147,19.516321,26.845299,12.780559,11.342823,63.936306,-1.7783115,19.69238,17.865402,-8.439664,19.78992,19.849308,-11.020693,-15.793321,27.248512,-12.112526,-12.6956625,-1.0
9.313863,-28.208746,3.2855792,-19.216589,24.037193,-3.159522,-6.7317123,-8.540501,-14.232607,24.122086,43.561268,15.907676,-44.99534,-11.678267,-0.5925605,35.60367,22.222227,-1.3798802,5.128019,17.204933,4.8720684,12.159745,14.977357,-7.738554,13.875759,-7.012433,17.986519,14.31237,4.4957075,-4.591984,-7.8599877,-14.340715,-15.300882,18.588383,-3.5373745,12.097608,4.911416,-9.2320385,-18.970795,-22.042795,1.2368207,14.465342,-5.3640194,-8.690069,3.7090192,13.612932,0.07921797,14.979531,-13.631635,-13.575337,-7.0975456,-0.5603471,-1.789864,-2.6522741,-11.206605,-5.8179636,3.80497,13.240184,-10.228561,-13.705852,3.648992,1.4716378,18.683125,-23.831491,3.013228,9.434222,16.920334,-14.862479,27.254824,6.61455,9.404096,4.1403656,22.16043,-20.495523,-9.79645,1.8222743,-26.966106,-9.787101,-7.5045104,-9.907541,8.875775,7.058383,0.6775231,-16.561014,9.806161,8.518125,11.243366,8.419634,40.458126,2.2669706,11.36857,10.776443,-3.8584352,5.400371,37.80142,-0.574155,-11.368761,18.674461,-16.648344,-8.420095,-1.0
13.647924,-25.606697,22.035654,-8.552861,20.540913,-9.374461,-3.962303,-7.9025397,-12.388695,27.188652,26.337303,25.627148,-28.285837,-11.777527,3.1315632,46.352936,22.967451,-2.0641077,11.699481,17.687223,-12.333412,6.135152,6.800289,-24.293505,10.575244,-17.611761,20.043274,24.719124,21.907887,10.387348,-19.481112,-4.8171005,-15.397099,19.38133,-9.588741,22.850916,-1.3517783,-13.511801,-9.93548,-16.340122,10.846679,27.04996,-10.588098,-14.282811,1.3497188,14.499091,1.7345225,0.64180005,-9.950147,-14.058775,-14.501782,-3.1140568,-6.5605707,-1.393168,1.0989391,-22.090252,13.5282755,1.4055469,-4.7336955,-18.376863,17.86167,-7.1421595,27.285774,-14.594609,-3.6281705,10.476501,22.366402,-18.960844,31.87448,19.373852,19.232792,-1.4646258,18.468027,-27.329493,-20.773924,-5.0301623,-33.028683,5.176297,-7.2309885,-17.40172,12.966398,-4.1530857,12.56461,-19.477144,10.279474,22.210802,8.90567,1.1981411,49.95484,-6.7799664,6.9713273,15.540827,0.75010484,8.814793,22.901314,-4.0462284,-11.803301,28.881332,-15.507732,-12.113445,-1.0
12.786392,-45.123722,-1.3057092,-32.26304,45.789738,-7.254647,-2.1772668,-3.4201093,-10.260082,28.70043,49.867092,18.657728,-54.208076,-29.48585,-9.468638,52.90322,36.91754,2.0806036,5.6453547,16.64643,-10.6597185,23.401978,24.241657,-6.6508956,22.32501,-6.764188,26.579592,17.308449,15.996007,12.312003,-23.336948,-16.354118,-13.713263,29.476654,10.282147,21.460123,-8.0279665,-18.475954,1.9914341,-25.560946,4.9784846,37.099228,-21.551308,-23.314531,-1.7410926,14.629395,-6.276718,24.700933,-32.2553,-22.660742,-23.158245,4.5395007,-9.510319,9.699419,-13.040722,-21.86624,22.293406,24.853516,-14.500844,-22.112652,14.531617,-7.5014887,39.730003,-13.754502,6.6423473,22.129112,39.552544,-25.36186,44.686687,26.533026,15.568526,-7.2545075,22.98768,-36.64371,-27.902874,-14.231047,-42.0219,3.0390463,-14.049317,-33.773212,-6.0371075,-8.986763,9.048325,-29.550129,10.89546,9.953124,22.538513,2.5266461,85.395454,-7.117744,11.204072,26.07552,8.144352,13.378893,51.183907,-1.7479832,-26.905594,16.724747,-15.518931,4.748861,-1.0
3.237221,-14.056131,12.1515,-11.302183,16.208914,-7.9587197,-7.410329,3.6786323,-13.958732,20.165682,17.754837,7.706066,-12.464518,-6.48735,4.6173735,21.085285,13.370253,-4.052243,8.916912,13.795309,-4.3021455,3.8870738,2.685895,-12.245537,12.510723,1.7968552,10.893921,2.6814888,4.2728167,10.2632675,-2.2864277,-7.187934,-9.02357,14.888832,-17.532148,11.357831,-1.4395642,-9.579717,-10.346945,-21.885815,2.8507614,12.243507,-11.021386,-9.457085,1.7574639,12.231671,0.18244672,0.21686885,-6.4230433,-14.87293,-6.2181964,1.024919,1.2374699,-0.4866252,2.156352,-0.41919494,5.4976673,10.133743,5.2597213,-8.100869,14.296149,2.12383,5.2836804,-8.824753,13.330765,15.863152,4.4635434,-8.272164,14.092212,11.283305,16.0473,5.183253,13.402495,-14.496981,-10.962199,1.9922742,-15.2884245,4.7627707,-6.654191,0.18079299,4.1357574,-3.1435103,-3.892771,-3.7462325,2.450677,10.446089,11.287756,-6.2153163,23.387386,4.894445,6.310176,8.585077,-5.8810854,11.745621,25.068962,-6.9155636,2.24553,13.227114,0.3697628,-5.4429884,-1.0
0.34268522,-13.545549,12.994676,-16.72297,15.352054,-8.839569,-5.5700684,1.4138298,-12.81082,24.894285,20.98271,5.6787376,-12.3884945,-7.929331,5.5269847,22.45478,14.389904,-6.990131,10.363664,8.646326,-9.558739,8.638245,4.6032367,-12.102561,10.599276,-2.3962853,15.233252,-0.007885069,4.4868426,13.874395,-5.8406453,-7.99039,-12.079973,12.386079,-15.240579,10.235788,0.49912933,-19.255577,-7.787403,-22.25535,8.803096,16.098534,-15.119953,-14.796358,3.9551253,9.466636,6.8974257,0.2290937,-9.478103,-14.857954,-6.5379577,-5.083243,2.038313,-2.5571887,2.6298974,-4.270993,6.633718,11.75439,11.150627,-13.441957,21.237152,5.3818884,4.972109,-9.71346,14.004885,18.616362,9.860793,-11.098694,16.959146,11.8973675,14.577961,5.702875,14.147499,-10.706681,-10.468086,1.3597525,-16.222271,3.6935983,-5.9186096,1.257891,4.56179,-7.038636,-8.887137,-6.272077,2.9045773,16.590637,11.8677435,-3.7672453,29.296896,6.920528,0.14115101,6.2327313,-5.948755,16.849926,24.281723,-13.6500435,-1.4139279,18.422108,1.5550458,-7.1032453,-1.0
7.3203883,-11.115764,4.596276,-10.997327,11.146666,-8.0790205,-6.760553,2.5802684,-9.779897,22.760635,20.601107,8.386561,-10.599242,-9.746381,3.7869415,16.424519,16.904875,-8.566501,8.1973095,13.23278,-3.6009843,6.086555,3.1314766,-13.976179,9.494154,0.5553791,11.955004,2.0618877,4.367799,4.9902034,-3.4999344,-5.1024203,-9.936863,13.910083,-14.411678,8.995935,-1.9964058,-14.17414,-6.852744,-17.461395,3.609301,14.627549,-10.602513,-11.513369,2.5916815,7.1827145,2.2490249,0.98346,-10.468268,-18.134262,-6.8433905,-2.661804,-1.8072231,0.28033608,-2.3025057,-0.9062582,8.920107,11.715572,5.149499,-8.687165,12.903361,2.4358861,6.6359773,-2.425191,10.7943325,12.290175,6.2572627,-8.307996,19.085058,12.191484,13.659434,6.122664,16.149742,-9.321803,-12.907049,4.8987517,-16.52145,5.401117,-3.0558126,-2.2814555,6.2812467,-5.3090396,-3.785808,-7.184481,0.5221661,10.640923,9.702277,1.2242485,17.850777,2.294703,-0.19831972,4.586105,-2.4279099,10.802644,25.158312,-11.412785,-3.8037968,13.001903,-1.089093,-3.6574845,-1.0
1.6035781,-9.945453,8.825346,-11.513056,11.0986,-5.328376,-3.37543,2.2061822,-9.066665,14.253587,18.247736,8.750464,-6.7302446,-3.2571707,2.6364107,12.630691,8.881767,-4.9821978,9.5118065,6.3831015,-5.9137716,5.814339,0.803317,-7.185673,9.069186,1.2777206,9.786089,-0.16547406,0.59272206,5.7931857,0.9672742,-10.806382,-12.940966,11.207253,-7.912037,5.2402525,-1.858444,-11.467597,-4.182112,-16.454702,1.7440158,6.7726445,-8.114099,-7.883709,2.5058916,8.710166,-1.2026572,-1.550196,-7.5873885,-14.842379,-6.7490773,-0.813532,0.65669084,-2.275451,3.9875364,-0.17318699,5.7771816,4.7865744,5.6892323,-8.510449,14.270874,-0.06901392,3.8760157,-6.761621,7.508806,12.879667,4.846772,-6.289008,10.880174,7.9114017,12.520987,2.4179611,7.9006076,-6.1554074,-6.770455,0.80789906,-10.874478,2.595626,-5.909927,-1.2850788,1.4386109,-4.9610853,-2.6432018,-6.7707276,4.666833,6.3914638,10.78156,-1.4597139,19.420078,7.1595674,1.2283616,1.1442249,-3.5297537,14.820802,18.783241,-6.3499966,-1.40506,9.431023,1.516568,-5.3919754,-1.0
-1.8993151,-9.255444,6.8697476,-7.2550325,9.5878105,-4.1752934,-1.753338,-1.2690101,-14.270267,22.015312,18.262196,8.710095,-15.139503,-4.418853,-3.74959,21.453794,10.372336,-4.348709,9.055841,15.057553,3.095603,4.1659904,7.118502,-17.79755,8.322305,-8.602988,10.315343,5.1779866,10.000596,4.234337,1.287692,-0.576494,-6.11552,11.853508,-9.577179,1.217821,-2.7539787,-7.9119334,-7.6676416,-15.669702,0.8280301,16.613384,-6.5289416,-9.24881,-5.5313964,10.250271,5.5379057,-4.2775545,-8.273252,-23.217443,-4.174783,1.4727278,-2.8352637,-5.131033,-3.2076259,1.5882142,-0.81592107,4.1041174,4.531904,-3.8667119,8.020612,-4.607549,9.54953,-14.512963,8.1261635,12.687041,6.84286,-8.708027,14.903357,2.4906564,7.003216,4.0680976,12.207901,-10.229488,-8.8029175,-1.6937172,-9.303461,6.950573,-6.97941,2.9094546,7.1422286,-3.0119424,7.282937,-4.3598475,8.022718,9.459594,9.524107,-5.641881,11.680965,-1.6323149,1.6886135,-0.06188214,2.2964869,5.337937,13.537907,-3.757236,5.740604,15.485598,2.2203593,-7.2599845,-1.0
5.3800015,-14.578882,-2.2443035,-9.38178,11.631564,-5.9282465,8.948754,-4.173671,-6.500431,23.744032,27.672583,10.32655,-18.900528,-5.7166443,0.55083096,23.88048,12.38006,-6.6103077,14.072718,6.5129786,-8.252187,10.991286,13.753232,-22.727833,7.3073015,-10.3362465,7.740301,9.209053,8.250722,9.577208,1.4976442,-5.4357476,-10.571281,19.598372,-1.0838885,3.3954756,-0.18995503,-4.0557394,-2.8060758,-12.661138,3.8378925,11.547664,-7.1224074,-6.330338,-4.343012,6.003733,17.668093,2.47935,-15.576549,-19.05953,-4.426757,-11.923827,-4.5400167,-2.589571,-5.4954057,-8.844757,4.039813,8.6517105,0.91819835,-13.09807,16.629725,-9.959721,6.3911705,-6.312473,3.2139883,14.256895,7.224289,-9.464987,32.271576,4.3084536,5.725587,8.576807,11.054902,-11.50765,-12.244712,-3.897836,-9.280624,-1.8936598,-10.032065,-16.048077,-6.007039,4.08085,-2.026346,-1.2530011,16.40793,17.960749,15.224219,-0.8432817,28.470228,3.7724545,-7.8629932,1.2489654,-11.486164,-0.74680793,15.804323,-3.2627451,-4.9514656,14.364908,-5.1605463,-11.305787,-1.0
0.18150906,-12.659499,3.8682592,-13.12581,16.904861,-10.047792,-4.148574,-2.2649734,-8.763125,23.030321,26.022646,12.145753,-20.363285,-8.437695,-2.4691873,25.125013,9.446708,-1.1081561,5.861522,11.972145,4.4366827,11.953408,12.676466,-16.333208,11.028164,-6.4240866,10.715946,10.926327,9.702416,4.1546946,-5.216599,-2.1959398,-5.9204073,13.264607,-5.6897163,7.8417935,-3.9940531,-9.269648,-8.958317,-16.60992,-2.6445522,14.901454,-6.834509,-11.445191,2.1803043,13.512537,1.495062,3.6213725,-7.7907286,-14.037835,-5.996212,-1.0971262,1.3622396,-1.220208,-6.9933624,0.77545595,6.8474035,8.878692,-2.262725,-2.579683,8.246653,-7.228546,17.912159,-17.159548,13.418073,12.279961,9.341013,-14.685237,18.027914,8.369381,10.25779,4.8917117,13.494457,-9.950991,-11.184622,3.1689303,-17.038511,4.0227585,0.17464504,0.012897387,2.5612767,1.5959307,1.6838182,-7.108355,4.967655,6.3456798,8.284554,-6.5279493,21.849165,-1.4392933,10.086096,8.793602,-0.12377853,5.3691926,22.265373,-6.0901275,0.038740084,14.087777,-0.60986423,-6.057878,-1.0
17.423283,-23.575743,20.497082,-32.67251,29.285263,-16.71587,-1.8526694,4.437848,-20.117626,27.481812,45.95279,11.88806,-29.2816,-19.885885,3.637239,39.0131,37.502914,6.527757,5.3355465,11.003182,-6.39926,13.2645,22.466862,-31.092766,15.236933,-25.293823,40.814,17.530222,20.78369,6.0147614,-2.2295334,-17.66078,-30.10664,33.40229,-9.750106,14.530239,6.3317924,-13.125237,10.195447,-24.565628,14.835567,22.381374,-24.606716,-25.067535,13.583418,-9.826403,23.396082,-18.649181,3.079836,-41.278996,-9.622022,-33.185284,-2.3079438,-14.104728,-17.001987,-20.53769,8.378471,4.9087963,12.982777,-25.812675,22.342712,-22.765162,36.938713,-20.801798,-1.1811821,29.629639,42.391514,4.918917,41.7529,12.199869,8.847239,-6.526395,20.155882,-22.310072,-39.14711,6.6443043,-45.2215,-14.708401,-9.644311,-6.102625,5.1358013,6.4646263,-21.05857,-25.812101,23.611141,31.66392,7.066348,10.3333235,72.50651,8.623297,11.273067,24.531643,-7.3402953,19.54982,25.576569,-13.122131,-19.901905,33.883003,-15.904818,-26.15512,-1.0
-0.51737434,-27.442022,5.764347,-28.78663,46.918884,-19.979149,-1.8553433,1.4363576,-12.589101,41.055103,48.617714,19.18591,-36.61187,-10.378623,2.7284923,61.175617,17.92328,2.983283,19.6369,16.578793,-4.661506,13.613592,14.325837,-46.63605,7.5653734,-7.6079974,17.949553,8.407536,24.77719,10.42783,-9.171177,-5.35781,-13.585009,42.30441,-18.482388,8.009278,-4.068045,-3.017257,-9.128403,-30.599133,12.799522,22.251762,-22.308285,-25.422567,-1.7655159,13.57304,4.6591134,2.842451,-12.795277,-38.33476,-5.1615834,-6.8358245,5.553004,-4.72038,-1.1020555,-3.8115716,7.669387,4.8510623,0.29512468,-15.753858,26.098846,-1.1780207,24.132347,-25.451672,13.48122,25.783575,11.311973,-13.013495,40.92617,11.180732,28.658031,7.5320716,30.024126,-29.294859,-23.995598,3.6861584,-30.26986,6.4918985,-14.860704,-6.8674855,7.4947333,0.43246445,-0.39327192,-6.0910716,13.765991,26.234556,25.345926,-10.992855,48.011333,-4.7655144,9.846683,9.332005,-10.087798,9.984178,38.82464,-1.3816478,2.975273,23.095284,-0.3492463,-17.054003,-1.0
4.929486,-13.145431,6.6373353,-8.260049,13.061065,-5.509143,2.8069112,-1.60761,-6.1252923,12.391571,15.836201,10.603704,-17.649202,-2.26069,0.09532997,14.99335,11.522058,2.3762202,-0.036520064,6.165035,-3.5079594,6.4244576,1.5195903,-9.172689,7.1970673,-10.656711,10.594819,7.914689,7.188514,2.8836975,-4.449193,-4.791136,-10.525559,7.388371,-4.06645,6.874085,1.337249,-6.635465,-1.976902,-6.4429283,-2.2247329,6.576561,-7.441109,-5.7250075,6.1738863,2.5817704,1.4034779,-0.23262013,0.051070973,-10.189655,-5.4626927,-5.6866593,1.1711152,-0.15294895,-5.082967,-0.81248724,4.361545,2.2590063,-4.2288256,-4.875664,7.353359,-1.4968016,5.980551,-8.81602,2.1143105,10.954881,6.705376,-6.025716,14.419839,-0.70664406,6.174751,-2.4187639,6.172068,-7.9857016,-6.205525,1.2210288,-15.616556,-5.0323687,-0.910673,-3.446505,2.3136778,0.61975497,0.71555287,-9.384872,4.2616396,5.2175198,3.0851874,0.89011896,21.166769,0.40895313,5.511326,10.796544,-4.8639894,2.8300605,13.809383,1.136587,-7.2073,12.904104,-4.131553,-4.8065853,-1.0
14.936933,-36.49049,1.8063977,-23.188187,30.431347,-6.9484825,-14.821044,-11.441661,-20.623898,41.85353,43.398235,24.641596,-48.331062,-19.043617,-0.48192155,56.50204,22.716625,7.6375375,11.075966,11.086472,-18.048199,30.611738,21.058825,-15.228239,-0.22316504,-5.186408,26.630087,-0.66991323,23.54213,8.116576,-12.1852,-14.710023,-12.857451,31.792133,4.2475214,6.221405,-6.1998606,-10.235953,-4.379741,-23.922031,15.611948,37.617516,-18.459404,-29.897394,2.027599,7.2953672,-0.12374799,21.061422,-18.900562,-20.504187,-3.7765994,7.385674,-6.8173504,14.025826,3.434055,-26.392067,-2.127719,10.216649,1.541249,-24.684523,11.511329,17.920145,19.797884,-23.34421,6.791142,30.618681,22.299871,-10.002443,56.397953,5.201715,10.003048,-9.3019495,36.54032,-42.349094,-8.620637,-3.3273487,-32.595444,-16.977215,-10.728117,-15.169528,1.2356422,6.4246173,9.3672085,-25.72172,18.404827,31.475018,20.020523,15.773058,62.068733,-3.7674515,11.687031,35.19676,-2.8091483,10.866114,37.315422,-2.4398189,-31.076067,23.845646,-9.379319,-2.9300034,-1.0
6.688522,-13.690214,6.5237,-15.631866,17.68434,-2.9740348,-0.611188,-1.5006928,-10.429771,27.747889,29.989248,16.470812,-17.384407,-7.6524587,-3.7820327,32.614468,11.96697,-6.893057,9.603782,18.400682,-2.8402798,10.740756,12.174562,-21.792276,7.159448,-7.041504,19.356033,6.2539325,7.932219,3.591743,-4.590118,-6.3867598,-12.842513,19.104357,-10.654158,8.402733,-5.8017282,-5.833741,-8.667383,-16.937586,1.9568778,16.553047,-13.655744,-8.732257,-1.846214,13.899687,7.2682667,5.8797035,-10.820808,-22.860054,-9.764794,-3.784295,-4.1417255,-0.9761929,-2.8403206,-5.519098,4.0120506,1.8389058,1.7017224,-10.34672,9.745969,-7.8935966,19.129004,-16.658863,8.109027,15.416535,12.58511,-10.6505785,32.0667,7.416601,15.992319,5.92366,16.711561,-9.924055,-16.095123,-3.929451,-15.917823,0.94857347,-4.9251275,-7.061404,1.2499809,-2.5936549,6.7413135,-11.25386,14.962196,15.300122,12.865215,-2.3274772,31.74194,-2.3619137,-4.9697795,8.824447,2.034746,9.391797,27.180677,0.9515551,-6.024795,22.575703,-1.8368814,-14.7135,-1.0
-3.5100522,-18.095163,6.937076,-10.836856,14.083982,-7.902764,-4.5968146,-6.1810384,-11.887416,14.273473,22.699413,14.476101,-19.922453,-7.087717,-5.8062134,28.287018,9.607836,-0.75399595,3.9622486,11.214729,4.432992,10.093871,7.3732014,-12.874927,9.735025,-6.63424,6.842933,10.841696,1.7449958,6.3921204,0.13285401,-5.307441,-6.7724924,8.799501,-2.5616302,9.062829,-5.477261,-8.834441,-9.685658,-16.45159,1.9347832,14.976174,-6.0565214,-7.163731,-6.3389463,8.182866,4.008161,9.615336,-2.3542976,-10.58465,-4.803265,-5.652638,-1.7303321,-1.8176402,-2.0007482,1.7222059,4.3179736,5.9437385,0.9559321,-6.8734155,9.867234,0.77945995,15.196878,-13.922306,6.7406416,7.5164123,10.509067,-10.661631,11.423712,4.6986837,11.764939,3.3113565,9.277006,-13.248784,-7.5242357,-3.5809412,-17.94468,7.807778,-12.717532,0.18248391,5.6473083,1.3474202,10.87631,-9.248087,5.007357,5.070884,9.244105,-5.069378,26.619936,-1.4839809,15.3952,7.0686827,-1.1584299,4.889394,15.3278675,-8.2059555,-1.9797604,11.524958,0.6086071,-1.4133542,-1.0
1.7670999,-18.237007,10.036671,0.091356814,13.576542,-4.248993,-3.5410411,-7.156296,-1.7359152,15.926963,11.337653,14.076687,-21.02683,-6.882859,0.85326385,22.953663,7.859695,-3.241459,2.2498312,5.399946,-11.3449335,5.118084,4.0373883,-8.193134,8.769875,-6.193521,9.378122,6.5060983,5.145099,1.9153506,-12.838907,1.171391,-8.890543,9.211608,3.4895167,7.3401628,2.903863,-6.396627,-2.8437479,-7.5856867,1.1451423,10.806235,-1.4761652,-7.8002768,0.24211586,3.2130504,-4.7746706,4.132725,-5.725321,-1.429076,-2.4180021,-6.4750624,-2.3146768,1.689057,-0.9993718,-9.005693,9.005099,2.7995162,-1.61124,0.4463659,8.137053,0.79298913,14.996233,-20.224781,0.99084496,8.769252,11.709139,-10.645501,18.85684,8.126244,9.012026,-4.347356,8.96442,-15.438383,-11.216199,-6.662992,-18.027815,1.8710748,-3.3435073,1.476261,-0.782377,2.59331,6.2808385,-8.220481,7.0681667,5.1544943,6.9358277,-0.15633416,26.924833,-6.0364337,3.5004628,10.167954,7.965634,2.708778,12.95173,-3.0601866,-3.6231983,10.8256,-1.581959,-1.7871451,-1.0
3.6922212,-1.98826,3.6400661,-9.015073,2.8364773,-11.244296,-1.4861388,1.4791185,-12.659515,21.471884,17.56245,11.992578,-8.107457,-4.942206,-2.9598732,19.75073,10.110556,-9.449561,10.345175,12.390464,2.4206204,12.020774,8.717668,-21.943361,8.134215,-8.336158,10.937878,6.133384,13.515131,4.9474783,-0.856655,-1.4785098,-9.088583,10.211637,-16.116133,0.9005132,-0.7098068,-12.378264,-4.464941,-14.247262,1.6195377,17.590023,-9.206751,-10.760357,2.7266784,5.6317234,6.603587,-5.41195,-10.00352,-26.763205,-4.4109664,3.1353078,-4.0831065,-6.8827057,-4.360713,-1.0542549,3.5175488,5.481302,8.357825,-3.299178,10.295007,-3.221532,5.497788,-11.090669,8.789889,11.108032,4.852964,-13.807144,22.569626,10.265863,5.3050365,10.264318,12.632912,-3.4963298,-18.453472,-2.554763,-5.2663765,9.758476,-3.6672869,3.6186252,3.2060316,-0.13138196,6.2426176,-3.741036,0.6748518,9.181538,8.181531,-9.375213,-0.059544027,-3.1700754,-1.0704408,0.4274571,1.1773479,2.346523,14.616493,-5.063779,7.082896,14.474538,2.3610563,-11.262193,-1.0
-2.0050302,-6.3303633,4.8310914,0.1429809,2.506865,-4.195216,-1.905503,4.2160425,-7.2923665,16.806934,8.715082,7.8691955,-4.7131104,-4.8360558,-3.387253,13.771204,4.749314,-5.531403,6.614821,10.552502,4.3978777,3.0029023,6.8718715,-8.075768,3.6815674,-2.766996,4.6739397,-0.60844195,9.083252,3.188912,1.4848499,1.930008,-4.494672,3.710136,-6.806573,-1.8654507,-2.417148,-7.698759,-5.9534955,-5.86072,1.0216589,10.3675375,-5.017119,-4.3803043,-2.9048023,6.3391833,4.696804,-0.35287791,-3.7232356,-15.203349,-2.2723303,1.999375,-3.2409198,-2.0669034,-2.3607118,-0.2993811,1.7459741,2.567758,4.557714,-6.05692,8.555931,-0.21223597,3.5617495,-9.033156,7.056154,9.726065,3.1398258,-5.176489,11.314346,2.7192323,4.180325,2.393157,9.5257435,-3.2593484,-2.454295,-1.6027067,-3.3728738,4.285254,1.1369951,6.4276285,4.156218,-1.6583159,5.024293,-2.9149501,4.0542026,9.717386,6.3271594,-7.072617,7.4576583,-3.9456282,-4.095859,-1.4951521,3.8543115,2.9497638,7.2069173,-3.5717478,5.0071683,5.4351416,4.1242537,-5.2070227,-1.0
-7.5055413,-38.57209,26.353857,-29.839802,37.5919,-31.988684,-7.9992533,3.5389228,-24.963871,74.54226,53.513096,22.946583,-25.572084,-12.8159485,-5.1902947,53.21324,26.29299,-7.973586,31.135614,25.164913,-19.705744,14.265526,20.024323,-24.90337,14.541674,-20.855387,19.976892,13.958204,39.42043,27.970663,-7.6791773,-4.4151673,-15.613864,34.15231,-16.25352,-0.13933921,-13.848315,-36.172256,-1.0552282,-25.464867,10.224571,42.055416,-30.271719,-21.604322,6.408953,12.107684,11.614614,14.225446,-15.475354,-42.809372,-7.4239235,9.463695,-6.416514,2.8841527,2.4674938,-12.216685,20.265366,6.0624022,25.851225,-31.653736,43.542885,-6.758968,7.7700253,-19.463043,16.86628,30.854528,22.140854,-28.976187,62.469532,21.404163,19.532194,9.338607,45.70451,-15.603793,-6.350768,-7.144166,-33.771942,17.73325,0.10237956,-0.26853424,-1.6840557,15.468943,12.712207,-2.51259,10.605507,42.932922,22.970938,-27.654642,71.49379,-10.259101,-2.074209,14.81314,-11.638681,11.178695,46.244522,-23.074091,-5.3083835,22.956758,9.335075,-24.693531,-1.0
2.8007977,-11.01825,9.54988,-11.523117,12.801529,-4.0953064,0.56916773,-2.713505,-9.461558,11.558492,22.909122,13.184395,-20.638947,0.19503191,-0.59843916,20.969816,11.555923,0.005248919,5.6160493,3.442981,-2.891892,4.10027,13.703242,-14.737483,9.934973,-4.1828613,11.0412035,7.1749763,2.3910074,-1.1951498,-4.6840024,-13.474119,-12.070223,14.845466,3.6872332,9.1857395,1.4146023,-6.4551754,-1.8605579,-12.986635,1.382262,2.375972,-3.759735,-9.127884,3.1134722,0.66454613,0.66046816,7.7505984,-5.4047594,-5.973183,-4.7394266,-7.8195715,3.1025257,-4.4343867,-4.4179792,0.28527302,4.6966805,12.282662,-3.6664336,-0.6976801,9.471861,-5.400867,17.021046,-16.006657,1.354503,11.008933,13.02551,-13.008753,14.558362,4.636535,10.124625,4.958545,11.404825,-14.102754,-13.081859,1.1937932,-25.243084,0.53201616,-6.1767526,-0.18197289,4.703998,-2.1047213,0.1222931,-16.123352,1.6434762,1.793319,0.24696597,-0.31379414,35.30416,-1.0071261,10.806944,9.691796,0.018625014,8.553251,11.056843,-3.0450792,-2.8335803,11.896731,-0.73609084,-5.8383474,-1.0
4.8693285,-15.774608,9.162441,-6.5258646,6.96331,1.09283,-2.7654383,-8.664843,-5.2501903,12.777723,9.473828,7.5293503,-13.155003,-7.7441607,-4.7212152,16.118118,12.371239,1.491254,5.9556236,10.774292,-5.0343223,0.14420402,1.597075,-8.6370945,5.541006,-7.143456,13.07128,6.35126,4.527258,2.746368,1.5221078,-5.752335,-0.4919161,10.425097,-9.511471,6.749876,2.87337,-4.461444,-6.3570914,-10.42763,0.11689187,7.4163437,-0.49759012,-9.946111,0.23842712,1.939087,7.863498,0.009873003,-2.1065795,-2.014246,-3.401773,-3.3671017,-5.5995474,3.3056555,5.431834,-5.4632916,9.543706,5.2467365,1.9670764,-10.241112,9.402051,-3.529178,9.19293,-7.627806,4.7274175,5.043601,11.817349,-8.997617,14.170027,6.125422,16.143387,-0.9743739,8.548523,-16.493866,-5.7940855,-6.7030935,-17.241423,0.4839639,-3.9389315,-5.5593486,6.700258,-1.0691448,8.068705,-7.8302255,6.741937,11.638509,3.429582,-0.8430272,27.172169,-5.157588,5.5566835,4.7899795,-2.183009,13.035067,8.830363,-3.363568,-7.5318913,7.279435,-8.744759,-3.2550118,-1.0
11.552094,-27.057037,9.902931,-22.967821,26.455965,-5.370439,-7.588462,-7.825488,-11.919978,24.61588,36.21452,7.856415,-45.782333,-6.1523604,0.644123,42.96298,10.783155,6.209691,1.5111253,13.830116,0.9805752,8.825378,15.523092,2.633754,7.9342775,-9.697924,11.386703,8.358245,14.66705,-2.2271519,-8.715032,-6.7536364,-10.056148,21.803555,3.4647012,17.265825,5.2378273,-2.4770176,-6.6565285,-12.863879,3.7185855,20.0945,-7.507522,-14.5021515,2.1590009,9.959764,-2.3019493,15.0698805,-8.059942,-10.5491905,-7.5661063,1.2476367,-5.489434,8.845046,-5.3780637,-5.367612,4.7335362,10.340463,-8.708456,-10.745813,3.1565838,8.347837,10.567729,-21.022396,4.0016546,11.664497,14.875492,-11.1200905,34.288643,3.0756135,12.378966,-0.46210894,15.548853,-29.08756,-15.678266,-0.15995015,-22.3377,-2.0454435,-14.847059,-1.4488008,4.7932453,12.458212,1.1595547,-15.853909,12.808182,16.675224,12.743205,0.3676703,40.541386,0.117596835,14.403559,26.616962,-4.8611717,10.94768,33.879265,0.060484,-8.021177,21.394794,-11.38332,-4.304001,-1.0
1.5206507,-33.16969,18.358782,-21.69591,34.409657,-13.162971,-10.61572,-4.7752447,-17.75682,41.16969,47.64656,12.787159,-46.647667,-9.920837,5.7648263,49.4077,11.030698,-5.5962787,6.42894,17.562937,3.8385801,9.592712,19.77565,-7.195774,18.142654,6.197517,14.619207,-3.4728444,10.840565,9.5543,-9.978128,-11.377541,-16.179417,33.229515,-3.4789698,16.843815,9.42677,-0.5796428,-17.299942,-30.1383,12.546559,30.309809,-16.585325,-13.47717,0.111944854,21.561417,-5.5433617,10.157098,-17.82089,-14.555904,-6.2384586,2.376341,-0.7291609,5.6753564,0.31612602,-4.041729,7.5395985,11.993741,-6.007015,-10.445949,13.900486,8.506848,14.122128,-25.557789,18.238068,15.785255,11.857243,-11.13791,40.56488,10.079919,29.474705,10.305512,21.903324,-32.392067,-25.092537,4.6705317,-35.30668,-1.915643,-21.681261,-0.86536294,7.9305553,4.0486326,3.2540195,-15.251467,6.343547,18.722553,21.883821,-7.5839114,47.549995,2.4018247,17.102509,19.376265,-6.2658772,14.247645,35.929653,-0.89991254,-1.1279824,25.877924,1.3215058,-1.1111923,-1.0
1.0122601,-20.218113,5.46114,-6.6310487,16.135244,-10.333489,-5.734324,-9.205259,-7.3550496,18.245203,23.782475,12.467253,-20.990644,-7.9235125,-4.3844995,23.674782,7.4960036,-3.797114,3.3518202,8.584751,5.0759315,0.8348172,14.224626,-14.131434,10.854012,1.709084,12.787884,8.85754,-0.9681691,11.6403475,0.56161624,-4.963047,-12.60741,9.399758,6.337679,10.515174,-5.7104626,-8.350227,-2.620826,-23.50216,1.0566736,21.436527,-5.7391567,-17.165232,-2.504764,2.257145,-2.367176,5.3228693,-15.897925,-8.471148,-1.5809119,-1.2878003,3.8564122,-4.4640384,6.2438374,2.0861244,14.452861,7.0519247,5.5564265,-2.418304,2.981324,-3.118866,19.934633,-18.048285,4.469372,15.119741,20.603477,-13.276064,17.494999,3.2493615,4.1831694,5.9629483,7.4981155,-14.311035,-4.3523293,-1.0074719,-20.542315,5.720938,-4.8170347,-3.1276925,6.9499726,-2.0175467,0.41741782,-10.343933,-2.3391619,-4.245733,14.656466,-5.5250916,38.899,2.25783,17.28133,9.297657,7.5705104,11.071022,14.208508,-10.695835,-1.4915959,19.659546,5.61495,2.0567362,-1.0
15.039407,-20.212059,12.854957,-18.364758,26.653852,-6.100732,-1.2765121,-10.058355,-13.070512,31.068123,42.398388,30.452719,-38.51057,-7.8057723,-1.5162047,41.3487,17.128904,-3.5875635,4.7076354,11.233751,-6.6026034,12.262886,20.825048,-14.626187,12.542706,-18.998503,23.21049,19.272614,7.5021796,-2.6706047,-9.837804,-14.955458,-16.896627,20.386229,2.9356446,15.103717,2.4678395,-13.987018,-5.3665695,-15.644535,0.061938763,21.703968,-10.621304,-10.003601,8.605717,14.887988,1.9851227,11.913148,-14.6290245,-23.451694,-14.460187,-9.600691,-1.8629436,-2.71527,-12.374313,-12.842194,1.8951857,10.234723,-5.770926,-12.848606,8.533572,-8.89262,26.594019,-22.405931,4.2910924,11.406444,22.423052,-20.027302,29.291014,7.4758124,11.527549,4.197832,20.789976,-24.105345,-17.992525,-0.018195897,-31.383595,-9.894147,-3.393894,-10.302626,5.7975664,3.7646506,-1.8273864,-19.054987,13.191658,10.18751,11.8616705,8.316938,43.06589,-7.464454,9.323971,10.293038,-2.5362253,2.4694314,27.775517,0.19833356,-8.383151,31.301073,-18.673656,-10.53966,-1.0
-2.760507,-5.497078,4.3040566,-7.7558746,7.437746,-3.396183,-3.7475593,1.478342,-3.681127,6.0465693,11.4536915,0.4858491,-2.6185322,-2.236346,2.0934768,5.935858,3.6110752,-0.9762478,5.643784,5.0712695,-2.4921,0.21840298,-0.97999704,-3.6780057,3.7278345,6.2148256,4.8072352,-2.7299304,-3.258545,4.1718407,1.8401179,-1.597683,-5.778621,5.2613297,-7.23782,4.2373514,0.03419596,-4.6147237,-6.720194,-10.522569,1.030655,1.6621487,-4.11254,-3.3887548,-1.4167111,6.2617636,-3.2694857,-0.6176071,-3.619782,-3.361004,-3.723622,-0.5096577,2.4879563,-0.72931695,1.392164,-0.18043107,3.601889,3.365807,0.304479,-0.70988995,9.690416,2.678543,5.002385,-2.0057812,7.4076076,3.9442961,1.0831671,-4.110967,1.2806219,2.467231,9.030139,3.707423,5.6223974,-4.6896195,-2.664733,2.1411703,-5.9144697,4.4495277,-2.2816548,0.77954304,-0.9567208,-4.6938367,-4.7034497,-4.0336776,-0.96917194,2.144846,4.655023,-2.799868,8.413475,3.0927129,1.9179059,2.646368,-2.357506,8.784518,8.684717,-3.195224,2.514375,2.530329,0.15992785,0.99687594,-1.0
10.702593,-16.338474,6.9903092,-10.62164,15.531507,-6.775284,-3.7995615,-10.200318,2.4919522,17.878271,26.704184,9.184147,-17.771057,-7.726072,6.2124557,19.808008,14.649592,-6.6733103,1.4667703,1.081089,0.23431376,9.193086,19.358347,-17.607132,3.7156298,-11.02987,9.057966,1.5986929,7.4322352,2.026967,-7.525537,-10.36877,-10.619925,18.696518,-0.51648784,-0.046985872,6.1289845,-3.284741,-5.2487903,-6.8996444,5.584694,12.361511,-11.158656,-16.99714,-1.0801828,3.8422155,8.89475,4.273617,-9.821689,-17.66473,-1.1856742,-8.599473,-0.47526914,-4.43727,-5.242735,-12.845031,11.098644,1.9615985,-1.776386,-12.112523,7.9812174,-6.215764,14.296497,-9.782085,5.39612,13.239308,14.510579,-8.707829,17.859053,6.364088,2.7621384,-0.3630952,16.235876,-14.380547,-14.930954,4.0798717,-20.32412,-11.88302,-3.7963195,-4.564928,7.738108,6.2867894,-8.165377,-8.095616,4.997794,16.640566,11.694694,-0.31011596,26.81212,-1.200521,-3.8994932,7.245631,-5.8287106,1.1303717,20.108017,-7.4897604,-8.48974,13.507838,-10.579906,-8.004542,-1.0
-28.07346,-59.40062,15.346262,-31.01896,46.34179,-34.896053,-4.30376,-5.034758,-21.435589,77.72843,78.82722,35.01134,-60.847458,-28.136118,-3.439584,83.829506,15.451161,-12.553775,32.428474,23.84873,-28.767458,27.475206,28.268116,-10.430539,20.281721,-3.5241637,10.622878,6.155285,14.226318,-6.644832,-10.714148,-19.54635,-29.074612,42.153713,21.124096,0.70187974,11.053023,-14.547214,-15.801015,-32.86185,2.6222355,58.820007,-31.027239,-31.058552,18.025566,9.742554,11.916299,44.704197,-48.20803,-46.509,-13.643811,-6.99165,2.1903296,18.20402,-3.7580132,-24.275494,14.38826,23.651445,4.1051035,-44.826748,48.48768,6.249926,38.172184,-33.21896,28.851343,18.625809,25.550095,-25.637306,90.14577,17.913553,13.74785,-0.39886397,58.516663,-38.011944,-15.721025,21.442904,-56.622074,-3.2912557,-21.167614,-22.262701,-6.920774,31.29655,-15.04694,-7.1928744,20.300531,31.936161,51.06607,2.5383637,91.27747,7.5148892,3.8931854,30.50955,10.785102,12.995348,88.23514,-12.924292,-40.594364,18.446987,-10.122013,-11.111527,-1.0
-9.304568,-29.835697,6.0212035,-23.984987,34.542744,-25.220469,-1.6876602,6.3492,-14.50718,48.453865,51.166042,9.469953,-27.953876,-14.206983,-5.7063365,51.107468,28.965849,3.747857,26.83373,23.120094,-16.660492,14.149789,19.278543,-29.652853,7.2504964,-9.17986,8.40005,19.406744,25.310038,15.103452,2.0235145,-3.693866,-8.564714,32.628204,-11.595714,11.605263,-15.715239,-13.749102,-3.4921098,-30.243303,8.8684225,27.4401,-28.519468,-19.613873,-15.633024,9.421384,13.42637,14.161007,-16.1078,-43.82675,-13.001434,1.4097756,-6.0378313,11.9501295,-3.6724973,-9.766817,30.16196,13.738048,11.363441,-23.84852,29.897398,-9.404952,21.650753,-10.160195,19.967436,21.048386,21.96298,-23.563864,47.62994,14.0039015,17.08334,9.163179,35.629936,-24.125135,-15.170866,8.479186,-18.88017,11.276531,-23.555334,-6.0255218,-4.120935,18.314344,14.2757635,-6.871303,14.219902,36.368675,23.183407,-13.437926,56.862686,4.5389543,-2.0689683,0.2772956,-13.742642,16.164381,46.061687,-20.1694,-4.961869,11.758413,6.005511,-21.119497,-1.0
-4.145549,-21.96652,8.686,-14.618003,20.12291,-14.5025,-15.947561,1.239749,-14.319779,30.566143,29.106709,2.6958535,-26.282719,-3.1648092,-4.6732464,34.330124,21.514198,6.189793,10.97707,16.33921,-5.276041,3.4151168,9.045438,-8.472418,4.205637,-2.8438973,6.902257,6.747197,11.026836,12.223988,4.11012,-0.4468468,-4.273223,14.079891,-11.936953,6.6674623,-9.711647,-8.711296,-4.203367,-14.224927,4.527159,16.342485,-15.520925,-5.4873476,-6.2983336,7.1104956,10.178109,12.197636,-2.1836083,-23.485832,-11.775144,1.7576939,-6.634883,9.641309,-3.167085,-4.547842,13.572363,8.193781,1.5046259,-14.639292,14.926172,1.3091233,8.905387,-12.709597,10.8435135,10.862696,16.920216,-13.283463,25.999393,0.874645,9.453641,0.38381815,20.067848,-13.683576,-2.6189935,6.904425,-18.925098,-2.07793,-10.010462,-2.9386117,-4.672534,13.2553005,5.9693584,-4.027528,15.357345,21.55547,8.071406,-15.105322,36.031887,-0.62197995,2.17383,7.139062,-11.835545,10.395093,28.324242,-10.366754,-9.840086,13.23409,2.470151,-15.950153,-1.0
5.820782,-4.525903,9.341017,-2.9095085,8.105607,-0.6272291,-0.24434507,-3.5271068,-5.422936,8.894524,10.771553,9.020256,-7.274752,-5.637234,4.5379176,13.157346,5.957508,-4.077219,5.8348665,7.6807933,-3.4492593,6.3183074,1.3782613,-9.95,4.8187275,-7.9899454,10.88725,8.502687,3.404138,3.6600685,-6.179337,-1.6081964,-3.6660829,4.3906503,-0.6654049,8.359153,-3.8846061,-2.034868,-1.0069829,-4.429076,-2.3229313,10.075637,-2.174952,-2.655558,2.4421842,5.0501943,5.6013293,0.5212048,-6.6964474,-6.523575,-6.603862,-4.307027,-3.9995031,0.3609381,-3.123068,-4.141985,5.3560796,2.2877612,-3.1274397,-6.7540183,8.758219,-5.0935025,13.460524,1.501512,-0.7084151,2.3074381,6.569676,-7.3899364,10.533655,8.353047,11.651903,-3.4224217,4.4740562,-12.922065,-4.6487265,-5.709346,-11.426246,2.7817464,-1.4142449,-3.9674468,0.40336502,-7.5473633,3.578802,-7.344847,5.2977996,9.159216,5.3095965,-2.4400752,18.053759,-3.8276734,0.92740107,3.6170359,-1.6644224,-3.5285027,5.3285437,-5.578409,-0.9801969,12.921275,-2.7812743,-3.4304547,-1.0
3.1787999,-20.41299,9.077102,-21.262568,17.479807,-13.14385,-7.6744432,-4.937264,-17.02308,21.528564,30.477968,11.952664,-21.004333,-8.436087,-4.9554877,31.66258,17.86178,-1.2722279,10.118663,13.209545,5.231713,11.665975,9.899011,-19.9798,11.536433,-4.631648,12.787498,11.517975,13.706206,8.117535,1.9581158,-6.0160804,-15.216017,18.43131,-10.874492,16.434858,-5.4229336,-12.569707,-5.326883,-18.141193,3.3376262,14.411782,-14.016327,-15.897983,2.7518625,7.659926,8.303399,2.216181,-3.9424467,-27.741179,-7.576384,-5.839879,1.7998439,-2.937359,-6.9616942,-0.27001008,6.7313285,7.374456,4.977622,-10.570023,14.82877,-7.77035,16.523533,-20.674158,12.6257925,14.683228,15.802448,-14.747936,22.409306,8.81588,13.978313,1.6582371,12.097659,-10.096845,-18.152037,-0.94531155,-15.131529,6.9778595,-10.107242,0.58904785,4.3852606,3.1981792,-0.7952678,-7.5568247,6.5082836,17.769686,15.936106,-8.775555,36.193256,-2.9353309,16.278025,14.52714,-1.5661857,10.1888895,24.679874,-5.5861654,0.2538401,21.22483,1.3177199,-13.423014,-1.0
-7.583641,-65.3636,14.410308,-20.332275,53.476265,-29.225554,-11.725401,-28.189068,-20.05622,50.745148,78.28235,58.027218,-74.69596,-33.756638,-15.628969,81.251,14.972401,-6.231209,15.328158,11.955,-7.4710007,37.849968,30.080276,-8.002623,29.653126,-10.422517,27.509935,31.995714,16.33881,-6.7983465,-23.914131,-23.499762,-27.424456,26.687157,26.811066,24.052834,5.854538,-14.600023,-20.747173,-39.138214,-2.0993452,38.353935,-25.105492,-21.820312,8.069188,22.696653,-28.381052,41.716206,-31.34319,-24.570284,-11.216194,-8.836846,1.5275488,18.31549,-24.47526,-10.257599,15.64615,20.006872,-22.412802,-7.5522566,16.302774,9.899673,55.669136,-46.44441,14.821309,24.490122,44.291523,-38.647644,62.248962,28.439167,23.734211,3.1593103,41.97155,-43.441635,-20.567944,-15.253296,-46.390255,1.43906,-10.9736395,-16.937925,1.1113636,9.054144,7.1466637,-28.071032,25.900211,-4.4903646,29.459929,5.2685566,82.39855,-15.485067,33.679176,28.939184,24.795982,13.971169,59.849392,2.2534254,-13.965345,37.414383,-16.055403,-9.107086,-1.0
0.2642459,-14.755897,12.244299,-16.967754,16.228384,-13.378461,-4.6101065,-2.3412297,-13.47346,22.149876,31.913013,14.667355,-22.089228,-8.493019,-5.3242807,28.379421,12.944386,3.024516,8.497659,16.148767,3.9513497,14.433192,9.62386,-20.33286,10.076743,-12.725735,17.681763,16.27535,14.980634,4.6420813,-6.85369,-6.9683795,-4.7673016,14.607247,-8.797914,9.48038,-3.6119192,-12.187967,-5.4707966,-19.563265,6.6454477,18.755512,-12.302662,-12.864057,4.8649344,12.678312,0.87972593,2.9447181,-0.514321,-22.700747,-6.8824325,-7.5287642,-1.4935402,-10.077932,-6.6893125,-1.630354,3.32766,6.5922003,6.0884514,-3.9779274,13.503601,-7.722657,16.5625,-20.757524,5.7508807,10.290507,9.30033,-12.963663,23.813866,9.572481,10.7891865,0.33827874,17.398232,-12.903545,-15.474472,2.4465342,-17.030397,5.0170245,-6.4631805,-1.3085454,9.157689,6.663512,2.993382,-10.812156,6.70789,13.470337,10.896394,-5.46579,23.796223,-0.46968418,8.0042715,10.386315,-0.84266394,4.3689976,27.208021,-7.747233,2.6125066,21.08419,-2.5151193,-14.349596,-1.0
11.82947,-14.9020195,11.923278,2.546332,18.906351,-4.974091,-6.9880853,-6.2526784,-16.166998,14.482278,19.89881,16.793621,-18.628403,-6.921432,4.853314,26.747835,13.957563,-10.791283,8.779422,14.034699,-5.5528417,11.521865,5.1658983,-18.39983,5.222277,-9.21804,21.329166,15.933306,9.629152,-0.2018261,-16.150482,-3.9011447,-5.6256876,14.635009,-0.5866837,7.3958726,-3.8920095,-0.557231,-2.6736689,-12.9686165,-12.067539,13.590001,1.3181581,-9.076191,-2.377337,2.333168,8.068239,7.9155064,-12.14723,-15.280021,-3.1621778,-10.321198,-9.38551,1.1848673,-4.1597915,-8.486279,11.877555,-2.2362022,-7.492442,-8.927593,7.1675143,-13.153098,18.632277,-9.510231,3.733679,3.8331442,14.351358,-18.646408,21.746359,13.033544,20.481726,1.4830062,13.959644,-19.507471,-10.874758,-7.005901,-26.861433,5.5715623,-1.0473737,-4.3947124,-0.20282269,2.367303,5.051123,-13.132303,7.2664485,7.966677,8.074683,-6.52077,28.247227,-12.723582,-2.2194083,3.9311163,-5.0167046,0.07153821,10.462022,-7.420766,-11.795169,17.154058,-8.623665,-3.2257903,-1.0
14.097804,-52.829384,13.47912,-25.83024,43.54184,-18.650408,-18.552464,-12.086109,-18.548903,52.51125,74.927536,36.538673,-75.42001,-16.057587,16.32594,67.24008,34.188553,1.769127,6.8391733,38.10922,1.1560956,36.382694,43.162777,-21.98751,12.83398,-5.661866,29.426546,20.47135,24.55693,-2.6726158,-26.952621,-16.69471,-25.163485,27.348574,-1.8779674,24.850014,8.641446,-4.002914,-35.40932,-36.213337,21.898397,31.28818,-17.061493,-23.198545,-3.5166166,26.905022,-4.1573415,32.58877,-37.542313,-38.16348,-17.560839,0.60743296,-1.8865935,2.4149976,-28.522362,-17.837599,8.9717,20.422365,-15.202773,-19.293999,6.5556946,6.417833,35.43466,-27.934732,11.439183,28.243092,17.885681,-25.749699,57.7921,12.250151,13.324388,6.218495,49.525265,-42.40102,-27.874126,20.309649,-52.70703,-15.6422415,-13.002788,-19.017979,11.844375,10.894783,0.03401974,-20.800081,20.20107,20.107891,32.907383,0.40413088,60.324688,-4.172116,10.156575,40.05138,0.27160615,8.628948,64.43515,4.031212,-13.218337,37.58519,-21.975662,-11.8922415,-1.0
0.77310795,-33.65662,12.13958,-26.119234,26.990215,-11.609523,-13.865272,-8.201476,-12.407472,24.519848,44.337017,11.622595,-44.708973,-13.062585,-1.5840976,40.668404,12.952604,0.11779918,1.7786548,18.575817,2.2461362,12.993839,16.121702,2.7677274,15.604701,-2.3427258,1.3305476,15.211666,8.901963,-0.55734044,-8.335335,-17.979307,-13.328147,18.397408,2.0780923,12.682343,11.075951,-11.656209,-20.999651,-23.24934,5.079291,18.792427,-8.630966,-15.127379,-0.06751775,12.473288,1.0967039,19.477655,-10.217306,-7.208311,-1.3175229,-2.450121,3.5358818,0.945614,-9.037638,1.9856671,5.1324425,9.994293,-15.12048,-8.889585,1.5959092,6.141517,17.74227,-19.035074,5.1742663,11.943758,18.484316,-14.402697,26.408907,11.030064,12.959208,1.891821,10.951031,-27.440409,-13.199379,-2.0948453,-25.260742,0.21994665,-12.979554,-2.8920686,5.498385,0.10594784,2.638811,-14.42283,5.775731,0.1996441,14.819033,-1.1060581,38.142555,-3.7425926,22.052998,16.011036,2.1172934,7.426803,26.18781,-0.5288264,-2.7412515,18.696102,-9.506922,5.0253963,-1.0
-3.3995845,-22.537325,3.8440895,-20.038809,21.623962,-8.0468855,-4.430334,-7.558435,-2.9814835,15.490327,28.935928,10.356426,-31.062117,-6.8496633,-4.8413773,27.037395,8.110091,0.712731,1.9445252,15.715116,4.521801,8.151383,10.544146,1.0565822,15.875486,-4.332637,1.0541158,14.181292,5.3361773,-0.3047981,-8.960487,-13.782407,-9.500233,11.215651,3.120893,13.369375,0.558007,-7.508596,-12.75341,-13.7872305,2.091125,9.234244,-7.485898,-7.6920776,-2.0635052,10.836849,-0.8082738,18.109245,-9.247072,-5.8331604,-7.1837416,-3.788571,0.69692814,-2.8244715,-11.709393,6.576282,4.64572,7.1233907,-13.760551,-4.3309317,-0.9098411,3.150463,14.590187,-15.433432,9.538504,7.891777,13.118495,-9.540214,17.368225,7.6172113,8.062171,0.0541178,7.210275,-12.985385,-14.713731,-1.6686269,-16.907057,9.239836,-8.092531,-0.6303361,-0.8032308,-0.09060195,5.9755125,-13.790837,4.533747,1.2294161,11.217114,-4.333145,25.683556,0.41099194,20.853432,10.753643,4.177831,6.872502,19.060213,3.6582243,-1.787396,15.004425,-6.2184834,2.5119827,-1.0
11.6705675,-23.332338,11.048597,-30.13132,23.7092,-6.195146,-9.801471,-12.258577,-14.906977,26.51905,46.475388,15.919906,-41.136246,-8.788341,1.3072393,32.11337,14.936161,5.824487,5.733123,15.550684,-0.68069077,16.922354,17.119215,-3.318756,8.335554,-4.2178907,13.7426405,10.350252,10.861345,-3.5899584,-8.103431,-16.379375,-9.977922,15.226356,3.0432758,11.4843025,-3.599494,-0.8107434,-16.435654,-21.562618,7.3526616,11.497201,-8.536171,-14.013145,0.18074487,14.023808,-0.34279186,21.148098,-13.454972,-21.45762,-13.291264,-2.449488,6.814675,2.2387094,-12.9879265,-8.528745,7.6333528,5.256411,-8.841064,-13.680711,1.5459049,-1.0503436,14.070779,-21.840227,2.3147902,13.413301,16.082703,-6.6638136,38.845234,5.729082,7.274844,2.0324557,26.5692,-21.428839,-18.904327,3.751142,-33.983734,-16.380167,2.142903,-6.795635,-1.8023357,13.170298,-2.04118,-13.732124,13.780696,9.625969,22.149813,-0.13900411,42.599213,-12.070113,14.390162,13.038962,-5.128523,7.8903847,34.471333,9.680704,-12.08409,23.07225,-13.745148,-8.676059,-1.0
-7.336864,-57.30506,26.859211,-23.438192,40.448772,-21.012663,-4.4748173,-23.682625,-18.940895,41.93511,63.870235,37.675777,-67.11382,-20.473795,-7.1098976,66.18252,28.55278,-2.504629,5.335107,24.9092,10.100459,22.481327,26.446587,-18.31691,24.982515,-10.015745,30.22638,23.067669,5.6172585,10.893027,-13.329014,-8.680026,-27.615555,25.83624,-1.4821308,7.2411623,1.4448806,-21.245876,-24.019999,-48.31897,6.7058945,41.353504,-18.378374,-21.089384,-2.9998271,22.236734,5.956352,12.721451,-19.595446,-28.324087,-12.972802,-9.532753,0.6289655,-2.3123085,6.0675735,3.6374898,13.712937,13.482293,-5.325645,-14.864951,17.913956,1.6415637,38.351555,-52.988148,22.924839,33.394493,26.405203,-28.112574,36.40299,10.476567,20.396822,3.955744,26.241459,-31.528662,-11.493687,-5.7859755,-42.774075,-3.2491417,-23.678902,-13.021499,19.753428,-8.782388,14.002262,-12.363256,8.761126,5.2975917,21.618656,1.7592138,74.26066,2.2134423,37.62667,22.82938,-0.19653942,12.385646,52.483162,-16.444313,-1.9090264,36.764893,-4.698161,-4.9948163,-1.0
-2.9926558,-9.814261,7.4294176,-15.654246,10.815715,-3.5625324,-3.8846881,-1.8607831,-10.098276,14.2213745,18.783022,3.7207,-11.591792,-10.691376,3.0840006,11.756207,17.707407,-3.7255263,10.483775,5.696234,-0.06415106,5.5192595,1.501112,-8.731051,4.2003236,3.0603042,13.319827,3.508838,1.1255682,3.090818,1.3100369,-2.1851501,-12.085361,15.622444,-7.797453,10.852721,-4.375244,-11.764812,-6.2476444,-16.23135,-0.41606596,7.555393,-10.171317,-4.8739195,-1.551192,5.609119,4.025419,-0.65975094,-6.969256,-8.105044,-7.154541,-2.8947508,0.82734376,-0.6465789,2.4724364,0.318775,8.51412,4.231312,7.4251084,-9.3253975,15.940321,-4.4479384,5.913931,-3.0704606,6.760765,12.476046,4.1750293,-10.181093,11.449072,3.9175649,11.007967,3.6177943,10.6058655,-7.5420246,-5.3368583,5.001728,-11.544012,-2.226007,-6.4616604,-2.0452104,1.2229481,-1.3903009,-3.9411197,-1.3780066,4.604725,14.324671,7.124885,-1.4513202,21.965935,4.3111744,4.862942,5.3305306,-7.1709237,13.138125,18.581123,-9.29285,-2.944378,7.5395246,0.0499821,-3.3451579,-1.0
26.943316,-35.713932,5.3007703,-43.63837,41.144184,-15.948337,-2.6168957,-12.57623,-11.956577,60.35586,83.90534,42.800655,-61.01992,-13.34101,-0.19675416,71.05512,23.668804,-13.496153,15.95106,24.404613,-12.450245,39.250053,28.49863,-38.57751,14.710299,-14.552866,29.6131,11.941644,16.952217,-1.9448854,-17.148712,-23.78297,-13.916568,34.120007,-1.303271,18.055613,10.629892,-1.9371343,-29.555132,-34.523335,13.800577,38.96799,-19.763842,-31.944359,7.115092,14.793061,-2.044616,27.51524,-31.996948,-47.9546,-17.215866,-2.0304155,-1.5304971,-3.8136804,-18.542698,-32.358105,21.025696,18.82183,-0.20681404,-25.314142,31.400883,3.0720847,23.627031,-33.57679,3.849528,24.028902,14.691376,-9.506911,68.14487,16.749395,16.197866,1.1840508,43.850925,-26.997665,-23.837595,13.104735,-60.76365,-18.677921,-2.2038722,-19.524952,8.547997,20.238258,-8.695059,-15.94068,26.38983,28.867561,46.208645,9.76362,58.217205,0.82730305,4.024969,22.778368,-16.559952,16.516539,68.16982,-2.3807902,-24.142242,33.556347,-19.474947,-15.00362,-1.0
-0.81573427,-30.124947,20.778372,-22.761545,41.991287,-19.276525,-8.304346,3.883494,-24.994173,58.63695,53.92655,20.214657,-42.491005,-21.52318,2.2275546,67.97597,27.805534,-11.302755,23.730106,24.794401,-3.54454,22.05313,24.721846,-40.52516,9.102528,-17.554539,16.758652,17.86785,31.487095,13.542085,-14.759603,-4.635324,-12.597835,42.91674,-20.29933,12.957615,-15.333664,-18.383152,-4.371423,-31.403395,19.436018,36.75323,-31.637249,-36.896366,-13.4999485,17.231379,3.3655503,3.4219837,-12.113101,-50.89697,-11.929909,3.5241873,6.958621,0.92537975,1.8826604,-7.9208474,12.870492,10.935272,10.635188,-21.45312,31.80796,-0.9098679,23.943483,-32.95717,27.261276,28.399382,19.212412,-23.082338,49.364563,14.754141,23.210539,6.987052,38.216885,-35.841965,-26.668724,5.117379,-27.59683,4.7786393,-11.349585,3.7319314,13.476279,1.9208641,13.710406,-6.761187,18.75324,31.178314,26.311785,-15.130501,52.266346,-0.33544302,12.273253,7.514755,-4.1871395,10.942922,52.541172,-15.728528,4.3924003,29.61809,9.464616,-17.676353,-1.0
3.2603114,-7.96313,2.311388,-15.39128,13.141385,-16.077326,-1.479723,3.9019206,-23.84115,41.880547,35.62363,14.463419,-10.396566,-18.325668,-2.745293,34.859882,13.832629,-21.601128,17.341194,15.364264,2.3283815,11.856511,13.215691,-32.87497,9.45731,-9.854444,14.988038,14.740807,27.615309,13.615607,-3.0372927,1.638275,-10.702432,20.002617,-27.543127,4.4803267,-11.439804,-24.806192,-8.2887125,-28.085888,5.2792873,22.766346,-20.920021,-14.805589,1.3266082,9.7198305,11.43471,-2.5579321,-10.602285,-37.73254,-10.1466255,-1.2378511,1.140193,-4.347256,-1.2974808,3.9064229,4.1244273,6.595164,13.10746,-8.72933,17.3727,-8.092386,6.8076224,-19.578861,16.900356,17.5923,8.271304,-14.252369,36.97393,14.502984,16.093044,15.0640545,24.978632,-14.22762,-23.042807,-0.962681,-7.8317647,19.03445,-5.313533,4.7380633,3.8703024,-7.0717373,5.1223807,0.44575515,3.4377031,20.214514,18.66957,-9.2204685,14.233493,-2.054478,0.37329024,2.054696,-1.340395,0.38846272,21.274227,-15.308499,9.417522,15.6445675,7.155875,-18.571821,-1.0
