14.054485,-25.73636,2.9023108,-14.105157,20.84316,-8.745274,-6.565503,-8.3226795,-17.764338,30.579483,38.378483,17.933475,-41.42962,-18.411463,5.555727,41.5454,32.593815,-1.3179834,16.854595,22.251902,-16.345459,16.12054,7.020343,-17.82595,12.4143915,-14.325464,27.196774,10.685467,17.196241,5.212099,-12.10252,-9.572253,-13.014437,23.01319,-1.0576842,11.569323,7.814312,-4.375974,-3.8762941,-15.750156,-0.056422204,25.6169,-9.085231,-12.774673,7.6924944,9.178275,3.9397292,15.260367,-15.362828,-29.249304,-11.768316,-2.8027365,-2.8610349,6.078173,-3.161463,-26.440018,5.9233665,7.149227,-0.74409974,-28.781317,9.989959,-2.7407045,14.204513,-10.925814,-0.06116587,16.208784,12.936848,-10.319342,38.250423,10.329255,9.029886,1.8469453,26.335978,-24.722776,-0.9001287,15.05825,-35.309002,-12.861718,-8.419323,-23.629656,8.852247,13.184884,-4.738161,-1.0267111,15.41136,31.106928,23.359325,6.376352,46.180775,-12.667805,0.3702317,14.240833,-4.1913333,2.2959685,38.796345,-3.9664378,-22.239555,14.997139,-13.638054,-11.993628,1.0
8.66947,-25.578766,2.832989,-28.189543,20.168335,-1.3383284,-5.5484843,-9.812528,-2.1843503,32.58759,31.675884,20.469099,-27.1408,-20.059576,9.415256,37.270733,24.971172,6.6073804,13.199987,20.988157,-20.516119,8.650043,4.35491,-18.593533,4.0482187,-12.874583,24.102467,8.166792,13.430545,7.5633807,-22.4624,-6.4171386,-18.063221,25.90905,-5.2822285,10.253927,-1.7310553,-14.852283,-7.9593263,-18.506363,11.012701,24.481812,-13.330046,-14.0863495,6.0253477,7.361585,5.2935724,4.520556,-11.390766,-26.414436,-14.231609,0.6829344,-1.3392671,2.0403059,-4.041962,-27.954851,11.748308,6.9477944,-4.057575,-32.398624,11.173731,-3.3675456,19.385117,3.7154417,-3.9810426,17.728806,14.165942,-8.854785,39.543697,10.622085,8.916527,-3.7332928,22.662912,-29.531496,-7.721246,11.729792,-33.838345,-9.53535,-5.45816,-22.722198,5.95403,0.9374609,-1.5550888,-5.109474,15.349827,36.02346,17.85479,8.564738,44.356163,-11.736878,1.4121475,17.033504,-8.509121,8.633969,36.51043,-9.710611,-19.161158,12.923435,-14.265828,-21.373455,1.0
15.481178,-35.59005,7.3346553,-15.381993,27.953114,-15.663739,-8.189359,-5.4341984,-13.735038,33.96158,52.927597,24.171974,-58.062164,-5.153829,5.7435246,56.466526,27.108511,16.53996,16.237543,27.7636,-18.316978,21.352777,27.216656,-17.938147,16.906664,-9.027983,15.484121,15.656836,9.779731,-5.4382353,-16.915459,-14.344479,-3.217269,23.360714,-13.5135145,15.12774,4.1257544,-1.1653731,-10.010954,-22.325462,13.284908,25.067945,-11.450886,-12.077367,13.6812725,11.662586,6.4531116,15.735799,-9.311031,-31.984467,-20.019478,-5.350725,-1.2709652,4.163722,-23.92584,-29.709116,12.211891,16.282907,5.4868793,-24.869446,14.493577,-2.7465112,11.284611,-20.750204,-0.7357731,26.783175,18.767437,-4.8669753,53.437,7.8302608,11.641634,-2.487383,26.732021,-30.180334,-3.1180506,14.11912,-43.23944,-16.526134,-5.7050996,-13.91408,9.967893,16.74887,-1.118227,-8.21,25.2156,45.844868,14.813563,9.627301,54.468063,0.17230809,12.443005,22.261684,-20.98481,10.630569,38.43799,-10.37379,-14.940102,18.99042,-1.8643231,-16.59356,1.0
4.2301507,-28.31764,8.467434,-19.90288,26.381227,-11.439977,-2.5056982,-7.5428553,-3.474818,37.556282,50.396976,21.52217,-41.000805,-9.19611,-1.4917018,41.061195,40.8842,4.1240163,13.624697,22.600346,-11.985329,31.117638,17.568174,-29.505016,6.7754335,-21.42812,37.415752,11.382102,16.188015,-3.410188,-10.889576,-3.747029,-13.910314,25.41842,-4.9925504,9.74143,6.181025,-11.103171,-11.501764,-33.19266,15.057942,26.686047,-12.12606,-17.66961,0.29990962,4.8735824,17.98978,1.841629,-5.1515193,-42.304924,-16.647987,-17.874235,-7.437024,-3.7678816,-9.220246,-14.755595,17.292551,6.9848027,-0.076022044,-21.284136,19.539553,-6.9479146,23.212418,-11.745288,3.45142,26.7947,13.166166,-17.47854,37.92853,7.4794493,14.983628,-4.491524,31.343828,-18.824911,-13.277381,10.029129,-35.646275,-7.7693458,-7.177061,-20.549166,5.4913197,6.8190227,4.1435566,-9.93427,18.799412,35.246243,14.170509,2.464784,51.832516,3.4013958,2.167718,14.909525,-5.6129036,11.805099,40.947964,-13.741298,-9.30707,24.590422,-13.372006,-17.759327,1.0
-2.024902,-25.485285,16.513733,-20.599363,28.47901,-12.436626,-0.9274951,-0.28740022,-16.247414,50.052536,51.180294,26.271603,-38.552074,-7.009388,-9.004164,50.019547,26.715199,9.594588,21.519789,26.305605,-17.620771,14.691306,10.240465,-22.503908,3.9854882,-22.89211,23.813393,18.652128,27.991488,3.3671105,-11.942689,-3.3306327,-13.17124,31.153067,-8.507669,8.978493,-8.232195,-17.792494,-0.94334227,-24.915846,12.220332,15.352636,-26.357355,-11.304852,-2.3165998,3.0305905,5.3069067,6.12443,-9.065233,-38.233025,-21.123413,-13.357812,-2.8147967,-2.3114932,-7.8167906,-16.594538,14.124648,5.277507,8.160324,-29.341799,18.856821,-15.923371,17.115059,-14.81505,7.3469915,25.025757,17.315996,-18.420473,43.823612,4.6003914,8.645022,-0.066364706,37.46041,-26.21372,-1.6887636,8.014262,-30.98363,-4.647586,-2.901364,-10.859857,4.79873,16.237764,2.425436,-8.043998,19.27449,34.261852,15.522797,-4.177057,55.496056,-9.363968,7.7636633,4.6953926,-11.358097,5.1564817,43.522564,-9.581495,-12.378946,19.07424,2.2373364,-26.612566,1.0
4.967291,-30.656948,14.369404,-8.522554,11.676012,-14.850518,-4.7347884,0.8435539,-13.9402,34.696392,31.390522,13.031778,-31.998373,-5.8754334,3.188121,35.853073,28.970589,4.126518,11.391628,25.148779,-10.486651,20.84964,24.103287,-16.99263,4.453523,-16.160332,23.713816,7.2917814,22.886518,7.371971,-7.404163,-10.55102,-9.584306,20.247988,-1.4591023,6.140697,8.328379,-4.6865797,-0.78790635,-22.701118,17.440802,17.635942,-15.937052,-13.706523,9.146373,1.6759111,5.347087,2.4563386,-10.788852,-30.83111,-10.779987,-3.7335515,2.2768478,-0.51086706,0.4368742,-16.15585,9.942648,1.5706401,7.586623,-19.614449,8.821081,0.31484517,9.59611,-5.4380193,5.5971055,25.381823,12.162551,-7.584011,35.2234,9.22655,7.7086906,-3.2366726,26.03752,-9.339775,-5.0951915,7.752935,-22.563698,-9.977728,-10.277893,-11.115084,6.21363,9.097467,-5.468337,-4.4611807,11.980405,32.345303,19.254807,-3.2969532,40.89441,6.9409266,3.5758753,23.935472,-7.790183,1.2183588,33.506668,-6.5336275,-7.845273,18.288084,-0.8156664,-22.26834,1.0
13.624912,-27.700264,13.064542,-22.158686,21.811522,-5.426495,-5.4273295,-7.3465242,-16.460396,30.040005,48.496193,12.309287,-48.212894,-14.1819105,10.373263,42.76107,43.606743,4.0604644,9.405898,15.494006,-8.362085,21.00613,19.154083,-18.724817,10.83684,-20.060242,37.402023,2.5994442,20.095083,2.9294333,-15.869515,-7.3398943,-21.1568,33.40703,-3.887635,4.8712206,0.04699282,-16.387283,-0.6928638,-18.399483,5.1048274,33.180958,-18.06734,-21.93257,6.8708906,2.7973967,5.771775,1.0720108,-21.263437,-35.67387,-14.97181,-13.530555,0.009334441,3.7696598,-1.6176686,-27.413391,6.097217,2.0529113,-3.5663698,-31.770119,13.618426,-10.097097,25.127579,-8.347394,-4.053994,32.158142,20.33359,-7.793606,52.407845,8.615735,-0.29288003,0.9602004,25.772364,-29.93609,-11.378329,5.753257,-40.357517,-25.726593,-6.309444,-23.163782,13.736131,9.860304,-9.48496,-3.3700426,22.968842,42.903896,24.880236,9.989508,56.14161,-0.3231123,10.805428,28.222681,-8.153667,-1.2048913,42.417515,-7.363655,-16.542015,23.102018,-14.019996,-24.926733,1.0
4.8241405,-24.584648,17.303637,-13.906548,9.378223,-5.0788054,-6.0582848,-8.965905,-14.89555,25.788149,23.717226,19.662243,-29.715496,-17.712543,4.164795,40.875328,19.553362,1.8303602,10.989177,9.238498,-8.358497,18.408457,15.505927,-12.596413,0.7977749,-10.416794,20.239494,4.7950735,16.895468,7.7686343,-16.885185,-5.880073,-12.500627,18.436638,-0.12230086,12.675887,-0.46578974,-6.914503,-4.9718027,-10.061914,8.116207,22.694098,-11.901945,-19.57585,5.1889386,1.7078661,-5.1482987,1.2217253,-14.513011,-20.662365,-5.7102036,-10.045938,0.35022992,0.5546799,-0.31110883,-25.337399,-1.1292325,4.550324,-2.7714882,-18.610722,10.103208,-2.8778987,19.270044,-11.203457,2.5797975,20.247162,17.041403,-9.200057,39.306274,11.733725,5.1095524,1.1442509,16.966524,-23.817785,-8.918764,5.386416,-28.567778,-12.762075,-5.715725,-9.303817,7.0305686,8.119047,-6.8550534,-9.275364,10.885163,26.473415,23.295353,4.824377,39.648804,-0.6396521,7.639144,22.502024,-0.48062918,-1.5625261,24.432934,-0.5026257,-8.14452,19.94526,-14.055282,-16.91103,1.0
14.875386,-28.501698,7.0978155,-9.40563,10.010963,-13.559428,-0.7393388,-6.3830113,-10.55405,42.312023,37.70264,34.957634,-40.54479,-17.381107,1.5710992,39.611973,38.150383,7.6634536,23.71908,16.967407,-19.27649,20.355223,16.442232,-27.726019,11.849393,-17.666561,22.892757,18.138035,16.325314,2.5843647,-12.508427,-8.050015,-21.188272,21.310123,-5.62174,21.624367,3.3027,-14.569252,-10.410478,-26.374128,16.427353,25.783533,-15.970848,-11.363288,5.3391843,16.801245,2.3304884,3.2077904,-16.560644,-35.06864,-11.538729,-7.848533,-1.8122193,3.6897168,-6.562907,-22.322508,12.409858,18.826061,5.7442975,-22.331123,14.399784,1.4555761,20.636097,-10.537863,-3.0489335,20.281359,14.728514,-17.45999,51.24613,4.3480673,2.357466,7.3955975,31.063953,-17.629974,-9.9383545,6.58103,-29.346657,-1.2331591,-16.563978,-17.64905,9.678345,3.5545359,2.9286518,-13.612291,22.76924,32.20424,19.16877,2.6951444,51.553055,-4.3092422,2.8003397,24.75518,-8.531539,10.80211,42.4785,-8.809278,-14.143372,29.174997,-17.497276,-26.837442,1.0
8.88335,-21.733564,5.218275,-11.168119,7.462097,-9.655243,-6.460715,2.7289903,-4.1153913,27.9776,40.422886,13.945465,-35.1234,-2.13361,0.45039797,22.519386,26.894667,4.7797265,9.248732,20.039791,-16.822252,12.813816,15.967521,-12.337585,5.1664577,-6.033668,15.569962,11.485479,12.402775,2.0491722,-4.5214043,-6.26666,-6.9437885,14.523097,-2.402579,11.853868,8.318731,-3.4134815,-0.60120714,-20.54579,12.220096,15.662083,-13.309481,-5.130547,3.60007,1.4486508,-1.040911,7.690752,-10.054567,-25.061672,-10.663271,-16.39281,3.3489487,-0.5707015,-6.7177963,-19.626255,10.23922,8.04441,9.637789,-19.35045,13.488794,2.7992604,1.6694839,-3.545103,0.25793904,16.33539,7.60952,-6.453954,27.036043,6.9336076,4.202674,-0.37443373,19.32757,-12.791454,-0.007056311,15.272103,-25.352543,-6.7023616,-7.356998,-13.003363,9.676641,16.679527,-2.910966,1.9105694,12.16597,26.19225,16.136139,4.502925,33.882374,-1.0169902,9.833024,19.002855,-6.416343,4.780535,32.81758,-2.5638623,-10.594241,9.098343,-7.5315647,-16.009205,1.0
9.919638,-30.269512,5.198729,-10.703383,15.826219,-14.221862,-7.946424,-8.753236,-7.898797,36.149807,50.397385,18.921768,-38.234417,-10.983777,5.4704995,29.916422,31.48193,6.0578804,6.993277,16.868208,-17.185757,18.754301,18.331867,-16.791538,5.2789125,-9.831444,22.03712,6.9664087,27.828897,3.340402,-9.919405,-0.7045149,-13.783983,27.650646,2.2016585,13.954553,7.688462,-7.5058026,-7.266823,-21.562506,16.559168,19.819788,-4.078815,-17.216629,3.6093342,8.540251,-1.2633791,5.5597053,-18.765257,-25.349249,-11.665221,-7.9533944,-1.8489105,-1.2364646,-6.871796,-15.278463,10.105251,6.2789764,0.6467818,-15.933637,14.737091,-3.6346316,10.651354,-12.221189,-2.6933482,19.54305,13.825445,-17.451147,37.138035,6.3771863,4.2599673,3.2842827,30.415686,-16.648218,-14.124096,8.71304,-26.969517,-12.695366,-4.7753525,-14.805118,9.257486,11.639961,-4.335201,-3.180414,15.880369,24.85121,22.245014,2.9918423,40.224377,-1.7652481,4.002091,21.577698,0.7866689,4.6361704,37.389236,-2.8130777,-15.071639,13.919193,-17.29267,-14.305529,1.0
1.3075175,-33.97558,7.8158016,-16.10441,12.2508545,-15.522893,-11.0661335,-1.8469455,-10.878195,46.54035,37.630398,14.254425,-34.347176,-15.933251,-1.421048,40.759686,41.277267,2.9939659,16.931107,31.7471,-15.057546,16.274843,15.112134,-21.279528,1.0990041,-14.555516,23.08637,13.220273,26.64597,14.167644,-12.609017,-1.6576377,-12.88387,30.657085,-6.0415373,8.254745,3.2817454,-17.27741,-6.2677665,-20.757528,18.509321,27.902058,-13.275179,-15.502849,-0.5387699,9.427834,10.2411,7.492209,-15.26635,-37.477226,-15.12632,-2.3852394,-5.0415516,-0.9675502,-1.1268544,-25.40042,12.13213,7.153567,7.867175,-23.834064,16.06192,-0.9476837,17.021408,-7.7691607,-1.4551848,24.606539,16.846502,-14.053009,42.26721,10.666986,18.481451,-2.064569,26.790901,-23.379995,-5.0400977,7.3735433,-30.940071,1.0477544,-15.833174,-17.825745,9.40452,6.1786194,9.4139385,-8.341597,21.327349,34.75966,18.182852,-3.3222854,48.6167,0.21605977,3.215041,23.486769,-11.800198,9.996042,41.839626,-7.916763,-19.418518,14.103225,-16.73014,-23.0278,1.0
21.849787,-57.688145,5.6951547,-19.277452,21.847229,-17.14278,-0.31021756,3.8484106,-13.227879,46.121723,74.49594,33.438984,-66.30687,-12.360412,0.90913695,51.89147,56.40642,16.29183,22.073862,37.876682,-32.661846,29.913557,30.548643,-42.432697,2.6678865,-27.449266,56.29579,29.422485,22.566193,-0.31224373,-12.739676,-22.52766,-23.443087,38.98781,-18.69013,32.1644,19.785492,-4.4569845,-3.4609218,-42.797882,20.847366,22.391779,-18.120564,-11.160125,19.454832,7.986898,15.291508,1.2674422,-16.77131,-66.332275,-34.52461,-25.43306,3.8887432,1.4888445,-14.673281,-37.42425,16.501265,12.259669,17.887526,-35.89026,19.180138,-5.823814,25.85426,-1.9585295,-4.0600433,29.551332,16.45872,-19.453362,56.695644,21.57673,23.405172,1.6180482,40.14414,-27.540218,-13.9155855,30.422985,-59.16934,-13.042637,-18.45572,-24.286772,7.6353774,10.838808,-9.6355095,-9.416677,30.287611,45.60623,19.73415,4.862366,77.87792,5.458707,2.193718,38.903244,-12.030375,15.886216,55.84696,-7.3430967,-24.406572,33.117462,-33.22635,-38.475536,1.0
18.72931,-60.344303,31.407593,-43.82137,46.553665,-27.58652,7.418207,-5.7855377,-24.089703,90.055,92.52515,67.62392,-84.53067,-34.047646,-14.728959,95.83265,82.18737,18.889801,46.88642,48.802956,-31.625895,31.294855,34.79507,-80.3947,24.379112,-61.967896,70.54854,47.815834,61.932213,14.737013,-30.855553,-18.433168,-34.238056,77.25212,-28.437922,32.407906,-2.5483973,-40.640568,-13.317737,-54.468628,28.405058,42.73662,-35.883778,-39.904774,16.850794,17.67325,25.644342,-19.59147,-3.0593615,-73.75338,-43.706875,-30.442942,-17.742144,-12.215448,-19.037498,-50.867687,21.618633,19.911928,20.702082,-56.052433,43.33157,-36.270485,57.94339,-27.065834,9.270503,43.00975,38.96873,-38.869183,87.660286,16.517988,32.920124,-3.3132715,72.153404,-52.919464,-29.22382,21.15697,-89.060844,-27.480898,-10.294116,-41.28582,25.41749,13.433855,-2.5370746,-29.075241,46.110508,77.44381,22.284801,0.6507208,117.00909,1.176189,8.3710985,29.489426,-14.142082,18.47948,73.72573,-30.135454,-22.329506,70.30136,-28.078133,-70.30405,1.0
5.116896,-51.23681,9.534745,-17.541449,12.2006445,-23.255709,-16.222464,4.1503987,-11.298836,54.728992,60.926964,18.51184,-44.124134,-23.431358,-0.20175764,35.26824,57.52932,15.331356,28.133732,33.50731,-19.419483,15.695046,21.02476,-31.615253,3.2682648,-26.475622,42.853058,20.92898,13.281586,19.989058,-16.927734,-10.71317,-16.73565,48.055313,-23.297659,33.043762,11.726833,-24.162598,-4.5575037,-42.337814,25.99504,35.008125,-19.112589,-19.56677,10.65628,15.910735,12.1775255,3.6746707,-7.15254,-50.35125,-20.39569,-18.639482,10.491408,8.867235,-7.429641,-27.951141,17.787516,20.34006,19.300158,-27.754784,26.876286,7.4865828,19.555538,-4.8043904,8.908481,28.010332,14.36208,-22.1298,55.234623,20.986177,14.751665,4.7146745,34.902866,-21.237917,6.743866,19.654022,-36.337727,11.901391,-15.739191,-13.943327,11.229453,5.661597,-1.4507449,2.5489974,25.487661,49.419933,19.547985,-18.361115,56.909046,9.52652,12.08329,41.278,-5.398848,-1.4345965,50.350937,-23.925493,-10.581105,7.9854636,-19.97531,-39.556705,1.0
5.910122,-23.548937,4.6783676,-4.0165815,17.211653,-11.454636,-9.764312,0.052092075,-6.827329,32.406387,33.523827,20.744747,-35.53494,-10.976349,2.3776925,34.690228,29.069601,9.923076,19.02601,18.090923,-18.556793,13.646295,7.568902,-16.484993,7.470318,-13.797422,20.092157,10.501989,15.528334,4.3141427,-7.328901,0.50489205,-13.22144,23.865648,-2.1393657,10.572863,-0.17014386,-7.48566,2.6925871,-15.842799,11.322403,20.87521,-15.325184,-12.884141,4.4801307,7.2853,0.016115516,10.762417,-7.836408,-27.451303,-12.442606,-6.002469,-3.9917252,5.1233697,-4.3178415,-17.383055,16.29131,8.160169,0.12906125,-22.911436,9.80412,0.5183514,18.499886,-3.641905,7.3461637,18.326426,17.274927,-14.062883,34.736702,10.97004,11.93836,-6.466804,26.94749,-18.620188,-9.14262,9.040569,-20.781479,-5.9843287,-9.998407,-11.5824795,1.227525,7.230567,-1.286173,-5.290422,15.956947,29.570368,5.8536663,3.4472432,43.404484,-1.6492492,3.787818,16.637243,-5.7753425,8.197482,33.728344,-10.366185,-15.212827,15.7316885,-1.062074,-19.757517,1.0
7.859325,-23.925264,6.9378595,-15.885608,18.474474,-12.183359,-6.668304,0.9469567,-13.228419,29.65866,35.58864,16.377913,-32.143696,-15.584373,3.595496,34.141163,28.549372,-3.4435518,11.534409,18.524466,-15.084195,19.693106,13.620027,-16.211468,-2.0565193,-8.078907,21.211987,7.206629,16.089752,7.839355,-11.025522,-4.5703263,-10.116622,23.896732,-6.48482,5.0296206,2.3777177,-7.0443835,-5.8955045,-19.176756,12.167872,19.531454,-12.008461,-13.805653,-2.5909636,-1.561276,11.169451,7.288384,-18.11916,-25.908688,-13.156243,-8.303659,-5.217079,1.9202675,3.059695,-18.453262,10.222822,-0.7100121,2.6586494,-22.76444,13.017442,-2.8271446,11.814292,-5.509105,1.2731668,22.390316,9.896665,-9.62022,32.85286,2.3092442,5.6354094,1.3285087,29.405622,-18.224533,-5.926133,9.978629,-26.230204,-12.430196,-9.738583,-20.16634,12.183404,7.1585116,-1.2234298,0.82784873,12.281951,29.922894,24.511555,4.770532,43.08915,3.7157254,3.570098,17.274721,-6.5673375,7.7602158,38.27354,-13.769406,-16.078974,10.570883,-10.405551,-22.102564,1.0
12.235776,-29.475689,12.288056,-18.759918,22.404776,-10.473307,-7.9645033,-3.910232,-9.450576,34.667286,36.64628,17.631393,-29.975246,-18.891994,1.7368264,47.464966,29.299833,4.77965,8.566547,14.538528,-7.44821,8.785523,25.030365,-24.08249,3.774347,-7.8697863,20.340607,15.663662,11.975071,12.279227,-7.218311,-5.8073783,-10.885753,39.740505,-4.017924,14.503206,-2.1639698,-10.496981,-2.6009192,-18.4271,8.969619,36.922512,-19.994598,-22.919395,-2.442794,13.468916,8.937029,8.022039,-16.282598,-31.403324,-12.441955,-4.27911,1.1806228,6.3780456,-9.151074,-17.315727,15.637097,12.073127,-3.4754577,-16.491463,14.969825,-16.832289,35.71776,-6.077589,14.292934,19.558943,22.851208,-16.047483,44.596066,15.734291,12.244046,-5.08126,21.704859,-25.726994,-19.560675,4.3924065,-30.62078,-0.28707492,-10.554007,-17.419964,9.531429,5.8230357,2.0207117,-10.586142,20.15202,29.16102,15.029562,-7.2605386,53.93397,3.677561,11.1858225,18.8845,-8.824516,7.917988,37.758377,-10.000843,-11.182954,26.270132,-14.409592,-17.720453,1.0
2.0372481,-43.496185,14.7866335,-22.639402,25.081972,-20.459892,-8.154779,6.5390162,-22.55067,36.16195,35.33387,20.72444,-43.00575,-15.670551,0.050002106,55.381855,42.95196,16.17451,15.777672,31.634481,-11.889417,14.230923,15.141301,-17.660585,12.343135,-13.051225,29.79812,20.73044,20.145794,8.485268,4.085168,-10.108856,-26.597616,29.122961,-23.721138,25.156258,6.7458415,-9.179798,8.053274,-28.22756,13.904918,23.415686,-16.4312,-25.115444,14.025118,-5.035403,5.017489,-0.42029238,-8.601979,-33.557648,-18.674263,-19.040636,7.639456,5.8886323,-0.72488797,-14.308242,7.756173,10.249804,17.390562,-28.143648,17.107061,-9.078614,17.485214,-13.112222,0.26916295,22.902393,22.395462,-16.004082,39.82507,20.464708,15.417308,1.4166242,24.88679,-23.855227,-12.727069,9.65543,-34.194378,-6.7609754,-21.174679,-12.36295,4.940916,6.730225,-7.7559886,-16.076694,19.010159,44.685345,9.842606,3.4184518,67.33615,3.9301634,24.566902,30.386951,-3.8080804,20.65211,46.891876,-10.576787,-19.762892,28.11393,-11.561306,-22.357515,1.0
-3.8030229,-55.427063,19.357344,-10.296741,20.008446,-30.826057,-5.342144,-1.2959263,-13.045151,55.947773,47.091183,32.156006,-59.938503,-28.033934,-16.116104,54.194386,41.225174,9.416333,15.960881,48.224533,-12.847109,23.526583,18.220825,-25.783926,5.911014,-27.174688,43.896683,20.78875,51.833256,15.647874,-21.419987,-11.933666,-14.295774,42.61818,-9.734799,11.887522,6.6581297,-15.768906,1.4572642,-24.264574,19.453182,25.97895,-27.8957,-24.712229,11.5025835,15.79727,-0.37160307,5.4498563,-19.934422,-49.54144,-26.078289,-2.9235332,-3.3675725,-10.678902,-2.150725,-27.531624,19.806631,14.954934,13.072749,-28.84139,18.003952,4.809226,23.07106,-16.638723,4.814583,23.94357,26.627245,-21.84058,61.640755,23.889126,18.815073,-6.9356427,47.8115,-31.131123,-12.15686,3.45688,-39.51163,-15.2246475,-17.690956,-16.02799,3.7837174,25.125326,-6.3447585,-13.034821,22.744556,43.25091,28.752117,-6.9554887,71.75479,3.0863278,-0.19367136,28.79069,-9.122466,10.915539,55.839798,-17.045017,-24.230875,29.201834,-10.353003,-41.2316,1.0
19.976748,-44.29538,26.283222,-26.325237,18.321709,-26.91593,-9.999294,-11.546232,-5.28535,38.58328,66.01138,24.378355,-53.592606,-12.39189,7.639505,37.479313,64.28482,-2.9747214,22.508608,23.534206,-11.337027,23.026672,36.657932,-21.048182,6.4304786,-28.489178,36.256615,26.846869,29.121618,9.089908,-4.393884,-12.629241,-29.186253,41.602863,-17.444817,20.970322,16.523586,-12.991166,0.07504905,-32.226547,36.227375,23.857832,-24.585526,-33.531612,11.324904,2.3669825,14.673818,10.047416,-17.935041,-58.227444,-26.675316,-23.79961,8.149893,2.6682787,-9.448135,-42.94644,16.144695,15.364648,30.080845,-35.06065,37.369743,-12.885087,27.122705,-16.236324,5.881898,32.859894,26.734873,-13.622132,53.232758,16.307009,13.691266,-1.921277,35.01974,-23.604284,-18.758917,7.2323833,-40.70723,-16.82693,-29.54047,-11.635548,20.268684,20.553175,-13.212461,-5.8276334,27.405924,61.870148,28.338295,5.0277925,85.47383,2.519695,23.556438,35.06916,-16.398708,14.958955,54.6636,-12.545837,-11.668824,26.430735,-12.511595,-34.633144,1.0
7.136031,-37.175533,8.107967,-10.350315,15.447684,-9.143347,-15.032686,-3.1842413,-12.111248,28.167221,29.327583,11.431881,-42.215027,-9.37422,8.427332,36.15382,28.614567,3.1428044,11.703223,28.243881,-13.365883,23.753254,18.76557,-22.656141,-5.1139946,-13.538952,27.043045,7.6060243,19.910185,-0.1384721,-12.714044,-9.846999,-5.4555125,26.799421,-1.1037788,12.309489,3.7598047,-1.169492,-0.9908953,-18.070393,19.792051,22.7766,-9.495365,-12.470071,-5.07583,5.2419114,5.995845,9.085697,-23.593355,-19.727901,-13.399663,-8.392556,-5.3771815,2.6888883,-3.1160328,-20.626253,7.210238,-1.4732611,4.8081245,-11.761196,-0.93776834,1.4190679,17.282148,-17.87426,-0.49183577,25.584553,6.982761,-12.341528,36.771152,6.3559427,10.469788,0.9372044,21.106527,-21.527456,-8.208827,6.293569,-30.544434,-3.7508276,-21.018944,-18.90784,8.534196,13.467028,-1.1668476,-6.8236256,15.6571045,32.91214,17.480484,2.4155986,36.97282,7.365237,1.7683482,17.380865,-1.0675393,1.2834933,29.597788,-3.65693,-12.200141,16.204813,-11.01699,-23.602869,1.0
13.258271,-23.27078,14.195942,-24.55346,21.235939,-9.950233,-0.8489577,-0.9558853,-14.092588,47.674812,48.66261,26.28819,-44.20875,-16.748564,7.0627084,42.15839,37.163063,-7.0551825,20.765297,25.03279,-11.639551,25.262999,18.556782,-31.37122,11.959787,-23.132332,26.531628,18.062622,24.394627,-3.3703988,-18.607597,-21.118542,-20.878603,26.051077,-5.748498,13.812018,10.663166,-15.654681,-4.966652,-25.06573,6.955409,27.533098,-15.9184885,-16.202614,14.627347,7.4418583,8.857959,0.987115,-14.64565,-38.18692,-18.219482,-14.488834,2.3105142,-2.2558923,-11.914681,-20.63213,10.966694,11.861605,1.7154169,-25.369059,15.458211,-7.8630295,17.296629,-19.532728,-0.35911533,26.285753,6.903697,-13.540296,46.20381,11.825987,9.156525,4.7660556,24.276588,-21.479942,-14.337504,13.055629,-38.216763,-12.550274,-13.433547,-21.159758,3.7600064,7.531703,-6.012639,-11.710142,20.047718,32.07376,15.9149885,8.187159,44.005924,4.10249,5.207867,13.860043,-13.348281,6.060149,49.880745,-6.191047,-19.065905,31.964266,-20.71633,-23.908508,1.0
9.396999,-28.15289,0.07747525,-15.907927,22.028236,-21.896423,-0.6172068,-6.3275814,-1.437163,33.606052,48.38664,25.165152,-47.58169,-12.573147,3.7362885,40.186836,47.350243,3.2463024,19.779339,26.064062,-24.53551,24.248608,18.734207,-22.692026,5.252691,-16.247244,33.326344,20.20457,13.162478,0.30420697,-3.2611141,-4.6219425,-22.875084,32.19805,-8.349626,14.39411,8.581471,-5.4896703,-7.9445624,-34.399757,18.239082,25.255707,-12.035608,-17.854687,7.5151114,4.0583076,14.885201,11.013019,-11.422796,-45.60993,-17.832201,-13.734234,0.7546116,4.057614,-11.21208,-30.37626,16.586592,14.943358,0.0039251447,-25.032135,18.637764,-1.773394,22.874615,-7.8296275,6.273384,22.53401,13.241532,-17.231133,49.286037,15.754403,14.458338,-1.6371506,35.972275,-21.182844,-14.599289,16.988976,-30.591206,-13.0026,-13.186849,-20.30632,11.7883415,11.259537,-2.2337432,-10.028936,17.478613,34.74961,16.58164,3.7938974,56.10625,5.5395656,2.0378838,19.997278,-7.5118704,6.282462,54.765194,-9.694956,-16.291811,14.530934,-18.431915,-28.357521,1.0
6.8827314,-10.313035,8.362922,-19.241909,13.580791,-8.070384,-3.9068046,-9.011954,-10.720009,24.483583,34.744473,15.117593,-29.212961,-11.192048,7.673649,29.653784,34.169067,2.9901812,10.277899,15.730869,-21.78235,12.611847,6.584824,-20.20301,6.958175,-12.520084,32.30807,14.112198,10.940412,1.9724965,-9.272827,-14.9644575,-19.402462,26.9107,-3.5844638,4.147275,1.7029543,-9.994566,-5.1802077,-20.416546,3.7911022,19.562344,-13.115132,-11.650331,10.229389,-1.3449739,23.517057,4.458593,-10.546387,-24.639654,-6.489414,-20.722261,-3.6172419,0.012091786,-8.601622,-17.79237,8.725644,-0.056767814,-0.75169384,-25.72605,9.533728,-15.618058,18.07839,6.549233,2.425636,20.885096,9.649392,-10.290442,37.770718,3.5427477,20.87538,-6.800101,22.7475,-25.77748,-7.17376,-0.34514016,-24.258005,-6.3970428,1.056134,-20.859627,5.5876193,3.1492283,3.3936253,-15.939174,18.246899,25.505615,9.860001,4.261931,38.766346,2.6399837,-3.1525018,10.34488,-23.49839,-2.8364005,23.71324,-1.9643103,-17.126396,20.943054,-13.401938,-16.966682,1.0
10.907707,-29.777294,7.505924,-17.332905,26.436842,-14.850453,-5.522895,-2.3805337,-26.942947,41.15665,39.50317,29.51015,-41.70367,-22.039505,-5.6103387,44.048615,36.48563,11.8700285,22.71083,17.633247,-17.445816,20.995152,15.109638,-23.273798,10.554201,-13.613271,28.482023,19.192272,16.998344,6.9891224,-7.2384706,-14.55677,-24.435158,27.858845,-17.156258,12.704339,3.8029172,-15.063488,8.745695,-27.109669,9.718618,31.471409,-18.797674,-22.13568,12.10419,4.715954,9.194224,0.04490882,-13.218884,-28.337109,-12.568348,-11.127802,-1.3818516,8.844508,-18.241816,-25.401218,14.327927,6.482718,5.466487,-23.246729,15.385701,4.8442016,23.943352,-11.83784,-0.99589837,23.511253,25.303343,-12.350634,54.565414,9.680694,6.158433,-0.5974504,26.594208,-28.020792,-15.525959,4.9498663,-46.438694,-13.270228,-12.419929,-27.341639,-1.2046608,3.4157667,-0.97588426,-20.181656,18.44129,41.294743,16.194672,15.3903055,65.0981,-6.7597265,9.010457,17.482428,-16.182428,21.6173,44.05849,-12.63494,-24.716887,33.347183,-15.097767,-21.396591,1.0
6.884493,-24.955778,6.027636,-10.06425,10.853494,-14.997148,0.7059832,1.5069106,-9.975279,27.687168,33.154613,12.603427,-31.247908,-6.2670054,-1.7982284,25.785858,28.469063,8.495931,7.625917,17.391682,-7.8117146,14.00134,10.828628,-15.867272,4.723669,-10.905397,25.13732,12.61988,15.387443,-3.45791,-4.1264215,-8.485868,-5.4704556,18.887236,-8.945207,8.631575,1.9486277,-4.8224416,-0.2086665,-17.42484,13.313743,15.242755,-9.127701,-10.738144,9.840033,1.8307661,3.9389615,0.18331748,-9.959031,-26.813202,-16.681383,-11.86645,-1.6121712,-9.233626,-6.355156,-16.294956,12.964963,9.342173,6.294354,-11.942325,10.313066,-3.6536343,4.859228,-7.821255,3.316135,13.676846,5.9297595,-7.837,29.035185,8.999944,10.1938505,-6.577864,22.12068,-12.931496,-0.9008508,10.713376,-23.140587,-15.331974,-6.0850954,-11.401277,7.4890547,9.4168415,-4.6991553,2.7365131,13.558484,24.12242,15.735567,-2.2693064,28.639227,7.353278,4.647368,11.307883,-4.3935657,6.3504844,27.974186,-8.373176,-6.2677746,12.032624,-5.269786,-23.079678,1.0
3.7467086,-39.591793,12.782819,-18.103918,22.85901,-21.384909,-0.029901832,0.9349879,-20.155693,36.227795,30.984282,18.167076,-46.57639,-10.545016,-8.282256,46.87197,35.068504,7.4439993,14.113883,36.497337,-7.5514026,15.029345,14.997962,-24.329262,8.679795,-24.750444,29.543947,23.095663,29.441984,7.938857,-3.087163,-19.376183,-14.454642,34.412178,-23.034023,15.218807,11.553395,-4.8451066,6.0061307,-21.93766,9.0098915,15.119151,-19.105013,-15.129208,12.932977,2.7381527,10.708749,-7.740151,-1.5171167,-47.042854,-25.269554,-20.391512,-10.547766,-6.9483542,-2.8900595,-11.377958,7.1450415,2.6166346,8.65884,-26.823263,13.693918,-4.622765,18.012913,-10.232446,1.5176289,23.16984,15.577244,-11.982134,36.329468,12.73746,18.026325,-5.6641426,26.306892,-17.034662,-16.782036,12.693501,-34.764828,-7.5057473,-11.266125,-13.87618,7.9232893,8.742424,-7.4970484,-13.410658,15.834185,32.135754,20.095198,-1.9120007,46.987164,3.5329618,-0.26821244,18.317373,-11.882784,19.816277,40.98051,-6.1527524,-13.761803,34.54906,-20.411177,-26.297983,1.0
4.792953,-29.597809,14.610031,-23.82201,28.15426,-18.564253,-6.8763223,-6.1303725,-5.3955364,28.147684,44.872902,21.378428,-41.89452,-15.367802,1.7604659,39.20171,22.672142,-0.4362191,6.4882264,15.344837,8.737849,10.204703,18.640339,-18.813963,13.980006,-4.057387,13.065486,19.210651,12.0561075,7.6015034,-9.189446,-11.657219,-19.543707,25.637802,-8.955732,8.546126,8.412303,-12.5654335,-8.146068,-22.41635,3.284011,25.80498,-14.843504,-21.588978,-0.7116587,8.664269,2.415266,9.797452,-16.679224,-28.30092,-13.418861,-17.970814,-4.758172,1.0284979,-5.472666,2.295351,12.386895,7.4197817,-6.9323087,-16.386456,15.591305,0.9694422,30.321243,-20.34976,6.843493,23.4293,21.703377,-15.193994,27.226389,17.461967,17.860306,2.0868943,13.963875,-21.088554,-26.004435,-8.372406,-35.528713,0.9504251,-18.284742,-1.2198927,3.9367478,-0.6962776,3.5187576,-21.90318,4.4247923,11.853247,12.631377,0.4064778,45.629272,-1.1713765,24.525286,22.477793,7.3800426,13.915662,39.051014,-2.7962663,-6.9628663,22.214666,-8.741902,-5.5723567,1.0
5.554424,-29.611639,5.466397,-26.383265,13.656956,-15.5575285,-2.4630632,-14.715073,-4.803409,31.876863,36.20782,10.600948,-36.183376,-17.514143,4.8343277,30.348442,45.239464,4.5431795,16.27835,14.528113,-16.988194,15.587646,17.779287,-13.887918,8.413957,-15.594158,30.867199,11.465643,16.50687,11.174964,-4.3402615,-8.021568,-25.338974,25.2705,0.8682241,8.405571,2.2400267,-11.942268,-1.426122,-20.733904,15.270497,35.827236,-15.559221,-20.755829,3.5009878,5.606135,20.484287,5.4481688,-13.572746,-35.709873,-9.65686,-12.791358,2.3820682,-0.96359533,-1.4163141,-19.173843,10.7324295,-1.1324229,3.9246647,-24.703756,20.89419,-17.903193,20.365734,-1.3454093,-5.413476,25.404858,18.38156,-8.222812,48.18679,7.0631776,8.2436695,0.41391602,22.819126,-19.602339,-15.138534,12.26508,-32.435516,-4.7759295,-13.420803,-20.314781,10.590059,10.250833,1.0687351,-4.5212994,20.48722,35.34307,15.3310995,-2.8924716,49.65889,8.579598,2.1412137,19.549322,-19.62547,4.829463,33.90449,-1.8067299,-10.569373,21.922033,-18.051973,-24.6991,1.0
15.918845,-17.819849,6.59608,-8.100336,23.949366,-9.405518,-6.7630024,-8.773831,-13.126452,39.895523,38.58105,27.394669,-35.530895,-20.511402,2.071274,42.133366,30.102507,-11.991637,13.4669695,19.972328,-12.535461,18.721807,16.887367,-24.214417,9.8164625,-16.085934,30.459085,23.253334,13.494339,6.5053325,-17.726034,-6.75586,-14.517715,21.708897,-3.1750884,5.781246,4.268122,-5.678665,-0.85386837,-19.785856,-0.18756332,26.348988,-8.233587,-15.591604,3.1788893,8.081753,9.422489,6.529759,-20.557856,-27.861643,-11.884402,-14.363164,-6.3722615,2.6059124,-0.81243986,-24.789082,12.534999,7.436932,-0.7182838,-16.324856,19.720392,-10.495812,20.227427,-10.895606,5.5124226,21.370762,24.259027,-19.24293,34.711937,22.043625,15.002979,-6.200552,20.710793,-28.376476,-17.44427,-6.397337,-32.327744,-2.776923,-5.8308854,-12.396022,-0.67800987,-0.43664014,-0.791464,-12.651331,12.002378,20.506475,19.394197,-5.0633044,51.242283,-4.354968,-1.3544852,12.403284,-9.699838,-1.8579468,31.691147,-13.76542,-13.945482,22.503983,-14.467582,-11.888854,1.0
8.353398,-26.643951,6.701186,-4.039016,10.290747,-16.02196,-4.6956267,1.8690617,-11.474794,35.053703,32.554745,23.611378,-36.243988,-16.874243,3.539288,41.22465,29.137001,5.7936187,15.705666,16.912828,-17.106064,11.208345,12.658535,-21.583591,10.75677,-23.7378,20.918188,15.830527,21.601948,10.857511,-13.732478,-8.890794,-14.126274,21.53439,-1.1158993,12.439245,3.3225844,-19.853317,5.33321,-19.417463,0.42298284,31.223488,-22.456867,-20.07983,12.746625,6.612658,5.2932673,-1.7206267,-13.507103,-29.574062,-18.048903,-8.494514,-0.549487,-7.8776145,-6.3235707,-16.124472,3.7556202,13.281488,3.9597747,-19.31526,11.7076845,-5.183943,19.87489,-11.667197,1.5176321,23.163576,21.726904,-7.225287,38.167126,11.446881,7.421898,-2.5607257,24.911022,-17.582973,-19.26265,11.53404,-31.124992,-11.607582,-4.965913,-13.47312,9.91584,12.351832,-2.9922812,-12.159787,13.195623,26.833305,16.211332,5.0969443,40.61726,5.6983404,2.6479402,22.928665,-5.873623,5.420438,35.87807,-4.6988945,-22.06897,22.811783,-11.141288,-21.737331,1.0
1.7481589,-16.644901,1.8813921,-7.5734553,15.02378,-7.3024087,3.1948712,-2.7745395,-9.310884,32.08869,35.01478,14.52621,-27.45368,-14.299066,-5.780691,34.074894,24.446571,1.9433825,21.970259,20.951777,-12.207649,12.038369,13.991856,-18.361153,6.345538,-9.040521,19.807817,6.7699823,15.857835,2.392155,-10.962382,-4.256588,-14.443743,15.170292,-4.29562,9.9744625,5.005466,-12.073554,-10.469311,-19.204357,1.6454332,24.864496,-17.761854,-10.294305,-6.164786,5.7773013,7.574246,-0.83651984,-12.564512,-31.385609,-8.769555,-19.467525,-1.3783172,7.395383,-6.7916794,-20.401207,7.9364343,7.6935654,0.086762786,-22.63877,16.979479,-1.9316099,9.784522,-11.066,0.25917998,18.150755,10.817119,-12.849764,36.261383,9.920519,9.920722,-0.48286805,20.92325,-10.5781975,-13.256704,4.0463276,-27.318882,-3.6851094,-10.464959,-8.592397,2.5262907,8.2206,7.6899915,-4.3530583,11.49118,25.399832,21.332848,-0.59437865,34.676147,-5.299651,-4.3669415,5.669052,3.5685947,-0.62861586,29.712616,1.291408,-12.710227,7.3104844,-13.622282,-13.447396,1.0
8.523282,-35.87047,7.2302675,-14.725909,24.879734,-10.061016,-4.889687,-5.715782,-9.828651,38.42851,41.859035,20.67428,-45.548748,-10.818129,7.5564885,45.09813,31.513824,4.3639126,18.062677,24.296247,-12.245615,17.997263,10.832556,-18.54597,7.2852902,-13.356901,20.238506,14.203794,17.278425,3.5330303,-16.501303,-3.5390465,-13.121342,25.78068,-1.6582513,20.227638,6.3107204,-9.037571,-8.81802,-25.498787,12.640784,22.383741,-6.903095,-19.050127,5.72766,10.4435835,-4.1332726,13.7219,-16.28684,-25.05492,-14.322239,-2.3791444,0.96893764,6.316815,-7.464958,-20.319954,15.785254,14.038887,-4.587811,-20.923418,13.313271,-1.2370653,23.92849,-17.55543,7.5144467,13.617528,21.53186,-19.08535,38.63869,15.440033,6.1054997,-3.0100293,24.95259,-24.401434,-14.021533,17.935617,-35.160225,0.74211925,-12.325845,-14.5237465,4.610534,10.824963,1.7481649,-12.671892,12.917858,26.201683,17.209133,3.3593943,51.995285,3.261448,10.635995,22.278404,2.469016,3.0824895,43.475555,-3.3641083,-13.532642,20.631884,-13.623726,-8.480126,1.0
23.39131,-21.19964,5.4220967,-9.883909,11.473574,-3.4081287,-3.3503523,-6.6419644,-15.093438,26.116167,30.185383,22.289429,-33.90441,-15.771911,4.879872,30.95355,29.44536,7.6028385,10.512763,6.880504,-18.677965,11.335069,3.0890722,-15.517215,6.495843,-16.70074,20.192755,11.348022,14.62801,3.3392956,-17.035776,-3.2732837,-12.413327,20.022915,-3.1104565,9.10961,-1.0224934,-10.294201,-7.576665,-15.74257,-3.9137514,18.327623,-12.633398,-9.874231,6.0580626,2.8931963,-7.6441503,-5.606356,-6.9167128,-16.731873,-13.897066,-8.316285,0.9885849,2.4650605,-6.526246,-21.190964,5.147768,1.5779799,0.9433385,-25.740814,10.716041,-11.744474,20.36998,-5.990692,-2.0068872,14.373074,18.83476,-5.521723,41.64244,2.6689384,0.14481896,-3.4088318,19.4705,-21.948912,-9.914934,11.423245,-31.787176,-16.353765,1.9407212,-17.40072,11.40303,1.0880413,-4.194396,-12.649805,17.860014,29.470528,14.765766,17.81651,48.33229,-11.107863,9.162635,25.946419,-7.986144,4.8050623,22.844294,5.900953,-17.147642,14.424437,-13.733473,-21.436985,1.0
6.6142344,-14.202787,5.7731357,-8.7871895,9.983981,-7.177441,1.3940338,3.9240167,-7.930382,26.526691,27.660505,6.630768,-20.998968,-1.5328844,1.5241528,27.839191,22.307991,1.5500062,6.6714444,17.368221,-7.090374,12.141594,11.1445265,-12.022951,4.782783,-11.031669,15.3877945,6.062968,13.968868,4.1040583,-3.8238678,0.5866801,-6.6187024,9.376762,-7.24985,2.799014,-1.6643689,-10.600314,-2.3254862,-14.779533,8.065834,15.33054,-11.304734,-10.609673,7.0084777,3.4405088,4.7893553,0.8018652,-7.420633,-24.302237,-11.488354,-3.370224,2.219829,-0.32685483,-1.9749231,-8.63854,5.50555,6.2202744,4.8973026,-12.850005,7.3999796,-8.147864,8.924965,-8.78766,4.4764004,13.199352,6.607717,-9.668911,25.811024,12.695023,6.718316,5.011297,17.910192,-8.213868,-4.7625847,6.4776487,-11.239124,-3.6075902,-3.7823086,-3.8496122,6.51655,7.2253428,-1.2213252,0.68622124,6.826528,26.066864,7.8580484,-3.5248098,25.792877,-4.501654,1.8869839,10.998314,-9.470085,0.046675973,24.101603,-7.8593154,-1.6395389,15.907146,-4.776824,-17.154964,1.0
16.603811,-26.633795,9.602638,-16.285706,13.625403,-16.521431,3.0512178,-4.8801656,-7.2399416,41.6081,46.411804,29.045315,-42.980545,-9.765987,-3.9696782,41.08919,41.21265,12.5208435,19.142397,25.936213,-23.83222,23.454521,18.395464,-23.775951,9.577242,-23.621267,22.268744,20.483685,14.530452,4.723078,-11.243357,-10.091076,-5.9512615,22.32592,-10.27485,17.757193,10.020023,-4.2577043,-1.7813776,-29.255749,5.309513,20.97157,-14.236126,-13.391532,8.239112,0.8456524,1.2528207,-4.28386,-11.735691,-35.177406,-16.855183,-9.7875395,1.890925,-3.5503323,-10.305535,-26.690842,22.691017,15.80154,9.35664,-29.229666,14.392488,-7.932436,12.333693,-10.373627,0.9512061,19.717731,19.021156,-6.22718,48.255184,8.454702,12.374807,0.018953621,24.771309,-17.456337,-9.4085,16.669024,-45.791897,-11.301708,-11.184945,-26.146492,6.484443,6.0262647,-2.692251,-9.227531,21.762762,35.925056,17.994627,6.7262697,46.507072,2.7590463,9.343649,16.853783,-6.7635827,16.85139,32.615353,-9.646343,-18.223255,26.991375,-17.58372,-24.404867,1.0
13.090715,-23.715956,12.5823765,-12.801653,8.9219675,-10.161613,-0.8146752,4.135027,-7.742321,38.980686,38.741547,22.92714,-34.126892,-6.1641116,4.5241466,29.805706,34.96856,5.518361,23.405474,25.275738,-22.292246,14.451137,23.611885,-20.535164,6.4479885,-23.001484,27.966362,12.0745735,28.311388,10.727231,-7.5913687,-18.48172,-24.797907,22.584103,-1.8270639,7.7838526,4.467224,-18.308493,-6.6837945,-18.588516,22.449429,21.866987,-20.70875,-12.736127,2.7798162,9.877982,11.270589,8.220099,-19.35984,-36.47947,-11.967788,-9.22281,1.04674,-2.708084,-1.6058612,-15.735928,9.630068,-0.8374485,4.685056,-19.420076,6.857187,-8.027597,17.511293,-1.7815672,1.3643019,24.407297,8.14235,-11.797186,47.47168,7.8878264,17.783108,-2.956512,29.621864,-13.913342,-14.024628,7.7943864,-28.660446,-5.202095,-16.159157,-14.951736,14.930789,11.142194,1.3172477,-4.28752,20.554697,33.845352,15.736202,0.055887938,39.272133,12.237856,-11.642695,12.155868,-26.715925,2.3472981,37.182987,-6.935289,-12.411821,28.364471,-14.728166,-33.374184,1.0
9.369587,-33.626842,16.374475,-6.78999,19.726711,-12.397352,-4.676324,-10.148801,-9.580468,32.14997,41.58583,26.434273,-35.428173,-12.400716,-2.4328754,35.444958,22.17974,3.6500952,4.2686505,5.3192773,-12.12219,17.771358,11.675416,-24.141144,11.662673,-12.310522,24.304838,6.6238275,17.542784,4.5001993,-13.112488,-6.776081,-22.38449,23.648363,1.8254919,11.091795,7.7903666,-10.818841,0.5981531,-24.583725,0.19673443,26.461613,-10.546914,-19.431654,4.3440285,6.638393,-3.2559102,4.750979,-20.5678,-21.971935,-9.383159,-6.613108,1.8860462,4.88373,-9.230392,-13.759753,7.327571,6.3982244,-1.4488721,-21.04322,8.722953,-0.37575892,24.673578,-13.175466,5.4531617,26.75732,16.41743,-15.684752,33.051006,10.813571,4.227386,-7.375911,25.481693,-23.355352,-5.6974835,2.33759,-29.678755,-14.826768,2.524055,-20.657145,-0.12761311,2.6327155,-0.5974817,-11.057068,20.324793,15.615195,18.771687,9.436907,49.79733,-9.241418,8.217942,20.854635,3.402385,5.209713,25.8441,-7.217336,-15.612341,19.424614,-8.9372225,-20.848194,1.0
10.145486,-23.659006,-4.5944633,-17.6196,10.683483,-9.099289,11.588191,-1.980897,-6.2215986,25.867659,37.88542,15.311246,-27.229372,-3.150176,-0.7621593,30.719376,24.882019,-1.531888,18.18703,18.455393,-8.7345085,16.62266,15.281647,-24.538467,5.6731157,-14.737295,24.480305,12.894667,12.2429905,8.010999,1.3257663,-13.189629,-9.831483,18.086996,-6.4950166,11.785537,13.094822,-8.116973,-7.7536592,-20.235529,10.642325,18.53481,-14.754496,-9.252455,4.5980835,5.886199,16.659729,1.936467,-9.350623,-30.855562,-12.9391,-16.755293,-1.4030079,-5.767554,-4.94249,-15.117602,7.4368653,12.3409,5.537029,-16.594856,16.08257,-6.3001156,12.71299,-9.102344,5.768525,18.208487,4.520193,-6.085147,36.70504,5.142278,16.801622,2.2083356,17.286402,-9.817305,-17.255615,6.6543574,-22.499836,-9.00474,-14.017147,-16.955566,3.1925879,6.5428686,-3.7982807,-3.403792,17.807524,19.447636,20.81737,0.33332607,34.182167,13.0041065,-4.498418,11.472389,-14.11344,5.4844823,33.124733,1.655759,-9.312173,20.817993,-17.305586,-21.968437,1.0
13.795521,-28.994957,15.617287,-24.499582,17.06326,-5.980501,7.4513297,-2.5599065,-17.205984,33.23132,40.046608,25.88375,-39.95728,-22.879673,5.7354283,45.11855,38.50482,15.698357,13.6544695,14.057807,-22.094547,14.166849,15.203066,-18.295254,8.059862,-23.34735,34.105904,11.37731,20.830128,-1.2781553,-13.51987,-9.00464,-25.462536,43.39654,-5.4241242,10.87899,8.5255995,-13.432256,4.1915555,-18.166729,11.133646,21.385672,-8.508278,-18.731768,4.796331,7.0196085,-1.9968129,3.8676567,-21.011349,-29.489174,-17.193987,-12.253217,0.10246283,5.967371,-9.649102,-31.98894,11.206409,7.936822,-1.5414369,-27.422232,11.879089,-10.877263,29.81325,-6.268438,-4.1781216,25.141333,24.179625,-11.801067,48.711872,5.7449865,6.397681,-6.561456,30.585743,-37.527897,-4.9893074,7.4652634,-40.33241,-9.843432,-6.1583643,-23.474909,9.26776,1.9167932,-6.049561,-17.89723,25.534344,27.251064,5.749924,9.073356,63.742832,-10.511362,3.045723,27.877192,-3.3332357,5.6602154,39.05189,-3.4340289,-17.324415,17.135975,-26.267315,-28.000599,1.0
6.456973,-30.896427,3.3634956,-16.88878,16.82833,-10.886511,-10.634747,-1.7324872,-17.67637,35.32949,43.128975,25.203075,-37.833744,-14.963847,1.5265367,41.16791,36.727177,1.2917778,8.92752,17.898216,-6.9023976,21.621555,18.823503,-29.547201,5.474661,-14.606469,25.966763,8.98935,22.830156,4.7607827,-9.314108,-0.7776693,-13.29087,23.034328,-3.6098228,13.049933,-1.8878045,-9.94447,-11.891978,-21.925104,13.955177,23.412352,-10.227246,-11.828592,1.421685,8.906336,6.889148,3.8961253,-12.958211,-38.934574,-13.0520115,-11.970965,-9.600042,-0.189172,-12.999227,-15.513506,3.6147518,0.14370462,2.7410877,-24.051325,17.600567,-10.947653,19.056461,-11.65009,0.77978504,24.432013,11.398617,-10.820859,29.770645,7.1001396,8.436274,0.5759188,28.120207,-16.45805,-13.0527115,13.698272,-30.407223,-6.016675,-11.883007,-14.528421,10.669291,2.3442588,-2.9812508,-6.2392626,19.059553,29.295197,24.136715,1.068555,37.647522,-1.2141057,1.9805896,24.077122,-7.149433,2.9322019,34.06068,-3.479862,-11.957471,18.240458,-10.460042,-19.265562,1.0
13.3430605,-32.16496,-8.015503,-13.632386,19.086744,-16.671059,0.7332816,-10.577193,-7.1236615,38.019905,49.94776,12.396494,-34.554386,-7.4144926,3.6872034,42.760128,28.842035,10.505874,16.326517,18.59762,-13.080058,20.896734,27.935143,-21.99033,4.2901993,-3.7289906,12.998643,9.801366,7.904106,3.0083864,-8.520873,-8.970403,-10.037962,24.464754,0.5297651,15.651051,11.57766,-5.6630616,-9.751322,-20.154549,14.238926,19.372225,-14.264252,-13.631701,1.4492466,14.076335,9.8291855,13.370781,-18.795137,-30.901009,-9.60369,-9.976773,-2.552904,9.681587,-12.620588,-25.249392,3.8640773,25.56746,-0.72086054,-17.399431,14.549171,0.6719872,22.26188,-12.679918,3.9232485,17.976461,11.354734,-14.752444,52.60956,7.2947707,-0.06356515,8.873387,31.130074,-23.06459,-15.988739,10.780183,-23.909342,-5.9233413,-18.449867,-18.426418,1.4905169,16.77627,3.6114008,-3.0523326,20.436802,34.903378,26.041996,1.411547,51.82638,-0.064461306,-2.5637233,23.42415,-6.2558756,3.4480162,39.348488,3.4549458,-21.95791,13.4511595,-19.903885,-12.218097,1.0
7.6084943,-30.713856,7.805725,-7.6070004,15.777118,-9.187803,-4.6709056,0.46741572,-8.112814,22.800026,21.83341,23.817974,-34.40372,-8.558874,8.464112,39.126427,32.290607,2.5872202,12.62003,15.592445,-13.055261,13.519685,8.026134,-22.06911,2.3523293,-21.523138,27.368742,8.925076,21.077986,5.552857,-12.3711195,1.192313,-15.848337,21.828854,-11.853233,17.367542,5.6885967,-9.95044,-6.8212423,-15.664788,8.40269,23.457262,-12.395702,-14.653061,3.0505965,4.33008,2.5367868,-3.871419,-13.6725,-25.834951,-14.271421,-12.867115,-4.207845,-2.0663795,9.2153015,-10.2015705,8.0685425,-3.709319,0.57127476,-24.551313,5.801752,0.48326996,12.063443,-3.4974792,-3.8201153,14.558853,9.9051695,-9.252282,29.70529,7.4282126,11.07925,-4.451996,25.374498,-10.496537,-8.475614,14.07647,-29.720125,-8.5747795,-11.161762,-11.122152,12.061938,0.49625736,2.7805614,-5.954877,14.862073,33.018005,23.328543,-0.37175968,39.3527,-1.3505443,8.454788,20.440313,3.734779,3.569235,33.95975,-9.164208,-13.101501,19.615196,-12.910479,-23.14236,1.0
-5.189476,-21.389114,24.622793,-12.094186,34.386868,-15.48603,0.2539875,-6.3554215,-6.0086884,54.65014,51.027775,31.131971,-50.92069,-16.897131,-3.461924,47.621967,32.74252,-1.5044218,9.541936,32.369076,-12.416548,25.832142,29.047108,-18.035027,10.489417,-23.860596,29.078402,9.411936,38.889423,8.89892,-17.570995,-7.702942,-17.22274,26.123667,6.562231,4.27661,1.4144094,-11.815588,-2.8357852,-24.546013,18.30161,21.061977,-22.09346,-19.631002,10.886497,0.387688,4.349317,9.303984,-14.315366,-35.104874,-23.239445,-9.32898,-3.5696855,3.140316,-5.130203,-29.077618,15.453151,9.239955,-3.031314,-26.46348,16.318333,-0.6714077,18.865192,-12.794415,-0.7255221,30.785507,18.404852,-9.746956,52.50756,19.482903,7.2330704,-9.523445,44.60997,-28.554226,-8.893657,-0.050929885,-44.51571,-30.823471,2.4038382,-21.901134,-3.294018,19.08251,-10.876427,-13.910374,15.70918,29.915462,25.797977,5.4344616,62.919548,-4.932455,-3.5967937,17.417152,-6.973453,8.48123,44.208824,-16.33958,-16.441622,23.881289,-2.2003098,-21.09803,1.0
8.027453,-23.959362,13.787357,-15.217238,25.822372,-13.490941,10.610847,-2.5633771,-9.81959,41.422146,35.18024,19.115824,-30.533825,-18.928532,-3.5977063,39.344036,30.416386,2.702555,10.544457,23.37415,-23.21183,16.988256,13.72333,-20.281126,10.978849,-24.501911,30.315357,13.59547,16.649391,4.1426682,-21.992043,-7.8435407,-10.164536,22.464361,-1.7533412,6.1611967,9.854477,-8.270324,-5.8539886,-23.609468,7.972792,22.655031,-19.861599,-19.235981,-2.1814573,8.13315,9.714141,0.2425061,-19.711756,-23.019615,-11.300481,-10.592824,-4.896012,-1.0129268,-11.713611,-21.55929,12.143737,7.126214,1.515166,-25.786318,15.353188,-8.480646,19.632952,-12.74168,3.47167,31.668533,22.973618,-8.362126,44.903103,9.023749,16.627926,-6.4900374,23.194921,-28.671068,-16.520077,-3.8983598,-35.61006,-4.6808653,-10.954387,-16.319847,4.7958136,11.4349785,-0.3863941,-21.685287,23.778128,27.024906,10.1508875,4.112788,56.146297,-2.1467009,-4.5905137,14.787405,-10.354027,11.53609,35.201546,-5.514378,-19.953058,23.937338,-23.997532,-17.958843,1.0
1.4223118,-21.27182,7.2398405,-10.663167,11.963262,-10.686617,-4.206356,1.44257,-3.7230926,28.843412,33.282406,11.048754,-23.353315,-5.406677,-0.44498175,25.822052,21.144905,1.3494247,7.636251,18.594948,-6.455842,14.673617,14.322921,-17.133066,1.8385948,-8.281108,19.34965,7.0481157,9.864555,5.890863,-8.484729,-3.9876263,-8.799985,15.147039,-2.5895824,6.958078,7.8403363,-3.992032,-6.1381235,-16.070955,9.465345,8.678623,-14.836243,-11.344875,7.0220776,9.293234,0.030621916,4.443916,-3.0194242,-21.11868,-11.849497,-6.298756,-4.3735843,1.9228028,-4.139704,-14.098169,2.9895298,3.979156,-0.035750136,-10.86044,13.612967,1.9563553,12.527832,-5.3524632,7.822303,17.223274,11.913085,-11.574258,22.465199,5.7300744,6.4903536,-7.055985,20.929005,-9.667322,-4.470227,3.9948123,-13.637544,-1.1520288,-2.3864934,-3.186119,5.46312,9.313542,-6.924775,-3.4397562,9.368012,19.205526,18.672678,-1.9280941,29.903093,-2.700689,0.86513007,12.098266,-5.705111,4.5822453,29.094887,-6.0878444,-6.207208,12.452795,-8.382338,-12.143049,1.0
1.3689759,-21.944815,11.020242,-23.923912,28.865164,-11.759215,-2.6080487,2.3279643,-14.974214,38.431583,37.83577,11.00326,-25.331932,-17.292336,5.3503027,34.990185,29.628956,-4.9165096,16.667923,22.145622,-5.8109503,9.356351,10.997981,-22.98438,13.329474,-3.1803434,26.24044,7.35812,9.808049,7.56568,-1.5724168,-8.09575,-20.971779,27.296515,-19.624725,16.164787,0.27392983,-16.324913,-6.6817403,-27.33778,12.364136,18.400042,-16.436583,-12.128652,2.1277947,6.473607,11.290793,2.2911446,-9.975458,-27.97547,-23.553679,-12.635057,-0.61426425,2.909573,-6.62802,-6.3330493,12.425599,12.86267,1.7699981,-12.215571,23.103426,-1.9480673,21.885548,-9.987573,11.518269,17.670294,14.79195,-14.031365,34.16031,13.775839,23.135893,8.881123,16.706257,-16.089062,-20.943224,6.718815,-26.628817,-1.1204733,-15.3126545,-7.6402006,-0.35437477,-4.427388,-2.1229951,-9.048482,14.511661,25.429474,11.259439,-9.393661,44.25709,5.729424,8.534831,12.364063,-4.3234277,18.775642,36.695435,-7.963974,-3.1634443,23.342186,-3.2889621,-15.722868,1.0
17.33867,-18.219534,0.4139174,-16.85559,25.69686,-5.9337,-11.352775,-14.133579,-17.751331,36.17779,48.58201,30.303164,-46.01012,-21.438938,-0.7998662,39.230007,39.467163,0.16409796,3.8276875,18.849104,-20.59739,20.699652,20.498716,-25.90365,0.59238094,-16.711315,31.574198,8.681257,17.012062,-4.31361,-17.271008,-20.097237,-21.298294,30.82294,2.9204853,9.557296,2.9600315,-9.820117,-4.391691,-23.636484,2.2916305,21.425182,-17.091492,-19.338118,7.60004,-0.2749317,1.3878373,9.07458,-24.2053,-16.170473,-13.612667,-16.651848,-3.8352044,-1.1701456,-10.864245,-33.89365,8.413266,5.0346856,0.5149465,-20.402967,14.280085,-5.447264,24.265356,-22.981796,-0.756315,23.128149,30.948303,-17.11695,50.843834,4.510251,0.038701132,4.2011943,33.31912,-31.943325,-19.4356,6.910509,-43.292084,-14.868087,-4.5427074,-15.2502575,5.691641,14.457236,-1.0861431,-20.122967,22.95394,23.904202,17.918861,12.795294,63.9467,-3.3496466,1.539232,18.769968,-12.006601,9.935074,38.67801,4.411959,-25.61373,15.142351,-21.3217,-19.21204,1.0
-6.7412953,-39.233116,11.845422,-6.7772245,13.027491,-13.309233,4.380768,3.9605813,-6.7434807,32.852303,40.400288,25.97484,-38.089554,-20.741623,-8.340886,40.765522,22.985271,14.337358,15.291077,17.294767,-19.059477,24.150282,5.788151,-16.03967,4.3189044,-13.0363245,23.17468,17.01639,24.744194,4.6448298,-16.64166,-1.5059658,-16.689695,25.961483,-9.773876,13.907985,-0.81532973,-7.8771877,1.5696541,-19.604454,12.256995,27.960024,-13.412394,-16.91574,-0.270396,11.980454,-3.886774,3.5640843,-25.014244,-35.76132,-16.56885,-2.1407957,-5.8011255,10.433345,-7.98185,-19.311363,16.874493,10.135765,2.0093715,-23.321344,14.800869,-5.1340585,30.195427,-9.248543,8.503183,16.372812,16.807331,-15.449204,43.14548,19.097874,11.954384,-3.0339165,26.590467,-23.710121,-6.5919523,1.7124755,-28.275463,-2.1080508,-12.893898,-21.276352,-5.475621,4.30627,8.482977,-5.220736,12.2663145,31.610806,19.948313,-2.17917,51.19768,-4.947539,5.9576974,17.64643,6.1343303,3.3053885,42.556885,-4.4527655,-5.264034,8.102628,-8.799669,-21.022114,1.0
8.700794,-36.64036,2.1686049,-16.215921,22.001608,-9.68197,-6.850714,-4.962674,-9.859407,42.398838,29.060831,19.531809,-28.452185,-17.443401,5.6095963,39.379196,39.564972,5.712689,21.633163,22.35057,-14.346539,23.647642,23.891527,-28.015623,9.244185,-15.11416,26.913958,14.873086,25.596514,6.3763127,-18.364326,-9.375388,-24.693392,31.526344,-0.99424857,8.795488,-0.55921173,-14.212416,0.41819245,-18.391321,11.523602,35.04721,-14.06001,-21.822384,2.1704235,13.238975,4.7116942,8.209521,-17.887112,-31.430006,-16.631214,-0.8185413,-5.1693087,5.793378,-1.1133139,-29.375471,6.864106,2.5359647,4.060067,-22.592941,18.42906,-10.064479,21.326624,-0.73792684,2.526687,26.53814,23.351679,-15.646847,35.426304,17.623907,8.44144,-6.342026,29.92518,-21.240362,-9.99499,13.736426,-34.89971,-0.72974646,-15.496438,-22.922192,10.027546,5.876481,5.582517,-2.0975776,14.284743,37.995728,28.92698,-0.81038916,53.72875,-1.41798,-4.047516,16.449816,-10.78202,-0.7489786,42.026886,-1.6720617,-14.132771,20.569788,-19.449512,-19.743336,1.0
13.611752,-32.03169,0.4425152,-14.452596,20.704515,-4.7695174,-0.49505126,-7.1685376,-6.1261272,23.276525,35.800568,15.071902,-37.952614,-16.3971,-4.3137045,38.492165,23.731108,4.9635596,3.0577497,16.354143,-5.3716965,11.099743,13.83316,-5.2997684,8.576933,-8.431067,18.367262,10.442582,9.154845,-3.6724622,-6.061746,-0.96268123,-19.849667,16.331154,-5.811446,10.110847,7.6580057,-5.001642,-1.5914996,-22.203161,7.1103244,19.238012,-9.549348,-12.573927,1.166555,5.206042,-1.0282425,4.2315807,-11.222737,-14.114279,-11.78005,-5.470531,4.8648314,7.317276,-15.940144,-9.880626,2.0060415,8.519612,-6.8221316,-10.440369,12.800979,3.5617352,14.866174,-11.203784,1.5646224,11.708415,14.879979,-7.9327407,31.415314,3.349336,1.6512516,-2.147837,18.379807,-20.977703,-11.694925,2.014048,-26.320858,-12.828453,-5.262769,-11.903116,4.413539,2.724624,-7.1248126,-4.8467536,17.928734,11.279207,9.50808,10.920714,43.45061,-7.0600014,10.448971,19.942587,0.67077297,7.6446385,32.515865,1.5203116,-11.082117,22.046486,-19.30096,-11.520055,1.0
4.57349,-25.802338,9.761428,-10.138194,18.361856,-4.843729,-0.41491276,-7.3867188,-5.608678,23.165194,35.14817,12.480677,-28.466368,-10.477467,1.7031726,25.533884,24.260733,-4.2494082,8.725879,10.39122,-10.774506,12.883026,16.103956,-11.943886,3.9923174,-7.368971,19.64444,8.6320915,6.9327836,-2.651226,-6.100507,-6.950546,-9.295462,17.200062,-7.9242086,4.6857367,10.580512,0.46871108,-0.050452083,-22.108389,7.383018,14.411773,-8.077924,-17.389877,4.0672407,0.2275354,5.852936,6.6828966,-8.266824,-20.286592,-9.555047,-7.3769145,-0.50885206,3.5104327,-0.489586,-16.399733,7.813634,10.204628,-0.99159276,-8.67137,10.527082,-0.67386305,17.92412,-12.072256,1.6247394,12.816992,11.1087885,-7.264453,31.005169,9.576541,14.934694,-1.0910759,23.374405,-24.085735,-6.911757,2.7645795,-29.411318,-12.3262415,-9.55976,-10.987314,7.548068,4.418474,-2.035938,-13.638045,10.460626,20.95434,10.105972,5.704815,42.232845,-5.261308,7.442021,16.038937,0.2177522,11.293976,27.645763,-9.738486,-10.922111,10.329651,-13.449883,-10.820299,1.0
9.605474,-10.079158,7.5140452,-5.3174133,8.993056,-8.50188,-7.7648015,-1.033878,-6.766906,12.33213,10.242298,12.1225815,-14.407594,-5.7394457,1.4345219,15.648182,17.588015,-3.087916,4.563339,2.6315231,-5.0417714,8.439381,11.193896,-12.438475,-0.1801061,-13.113387,12.587068,7.3267703,8.599264,0.77115905,-3.0607178,-7.670121,-17.644516,12.555244,-1.6373621,6.072091,4.9309855,-11.038277,1.0347041,-10.584623,8.773516,11.813936,-8.51257,-13.370651,4.218062,2.0490336,1.8327192,0.7474834,-7.6645317,-11.25563,-5.813552,-3.4863212,-2.6991937,-1.859813,-6.285547,-16.603964,9.000611,9.324008,0.98862183,-4.67575,4.9265537,-1.2788529,16.624928,-2.6940734,2.059629,9.52373,17.398903,-10.275958,15.556599,8.252606,0.30845013,-2.5586565,11.363743,-17.537855,-14.892743,3.9631994,-11.757563,2.5178492,-11.202644,-4.545588,9.281707,7.492683,-1.7194788,-16.763914,9.383937,13.167854,-1.453892,2.40928,32.25494,5.9372954,4.5638,5.8703403,-5.9865656,4.7462583,16.124247,-4.8557205,-8.941855,9.44783,-9.578129,-14.522494,1.0
-2.2994833,-26.232243,6.698965,-8.042582,13.979306,-19.396877,-10.377515,0.9382557,-12.9889,37.410248,33.16339,25.137022,-34.591225,-19.344885,-1.0085157,39.674416,24.58107,9.341712,12.592274,12.820041,-19.97395,18.412941,14.771787,-21.87207,8.479136,-9.647529,14.599502,8.669574,14.008152,3.0846636,-13.982483,-4.087667,-20.000809,23.58333,1.5917995,15.0316925,-9.5552225,-16.093975,0.08701903,-15.8953905,8.125069,27.139729,-14.525956,-14.580055,0.8635421,14.605675,-1.0832462,13.792158,-14.486673,-22.455418,-6.085783,-1.8167347,-0.37078983,8.426404,-6.4976525,-18.614424,12.860688,16.587776,2.211029,-17.963264,10.783859,2.154282,20.434042,-8.496399,4.6569967,18.508293,20.266459,-19.532682,41.96198,13.043035,5.9253883,-2.8397768,26.717087,-21.01613,-5.123152,8.093685,-26.02996,-6.3198385,-7.692546,-13.838055,2.708797,9.757606,3.1449728,-6.5312915,16.500687,30.153429,16.793867,4.1606445,49.230766,0.4327875,12.427589,19.880081,-4.3645506,8.770897,34.95366,-5.0107684,-18.95478,15.166434,-2.2326114,-21.82667,1.0
-2.0154548,-60.38243,21.4922,-4.2387104,20.959293,-18.483784,-7.4959745,-7.8340907,-11.497168,54.858727,60.233406,21.87956,-44.39733,-24.150446,-2.1459174,58.09817,32.330986,4.538437,7.44048,33.22239,-5.205766,29.152452,29.281084,-18.988882,2.958035,-20.962841,42.982662,11.095742,42.427555,7.913503,-16.316772,-15.639728,-15.733779,37.934597,-3.9045005,7.9247684,10.346897,-11.12166,0.57187235,-29.581205,24.95625,33.16103,-16.199184,-25.148554,16.889467,12.526821,-3.852901,10.259175,-19.374641,-32.724457,-19.69829,6.7322154,1.386457,-1.8878694,4.0980144,-26.777737,-0.2594855,5.9720345,5.5689034,-20.928219,13.584509,8.133343,22.48582,-21.900097,8.098236,31.401152,25.234865,-12.378716,62.466278,21.56383,20.403559,-3.8067734,50.93092,-30.936342,0.6015537,2.0756507,-36.142315,-23.341671,3.469391,-17.080935,11.20007,22.013897,-7.078164,-3.332134,19.351866,34.107285,33.656956,-1.1129017,63.307198,-1.2746102,-4.6872463,30.686344,1.5478138,2.5304155,52.22197,-11.930692,-15.405095,17.67032,-26.45766,-31.580318,1.0
7.1652975,-25.16236,4.915077,-10.452783,14.852576,-9.703887,-4.8695526,-0.4626183,-6.21186,26.659813,28.010353,10.79215,-28.09471,-13.770295,6.243916,24.85639,22.786377,0.43906626,0.2203809,13.269751,-12.717185,18.991104,16.8429,-11.2798605,0.21548997,-10.419437,10.900216,4.331852,13.9455595,-1.8169658,-8.32977,-2.0370831,-14.216833,11.00827,2.6710613,8.152105,5.7388487,-2.0020087,-5.7110143,-20.256586,10.48176,15.128551,-5.5428853,-12.900089,4.33951,2.5869513,-1.1206248,13.442478,-16.197226,-15.34209,-6.6228704,-4.9987707,4.713016,5.222535,-8.036803,-17.664309,4.413669,8.439127,2.2720687,-12.970053,4.588659,-2.6022062,12.387258,-13.337768,-1.8157352,17.078295,9.556373,-15.182267,27.515545,3.1471436,0.790363,3.6077352,24.85602,-20.265877,-3.1587257,4.233609,-20.170883,-7.271325,-1.1679611,-7.4998918,7.537869,13.68542,-9.286264,-8.858355,16.89262,11.935763,10.320858,12.9309,43.09318,-8.068986,4.1121516,14.148079,0.9164378,7.2478256,28.149122,0.79107606,-12.846988,15.129795,-9.033229,-5.89708,1.0
13.159263,-17.821917,4.3895836,-13.811191,10.7507105,-4.5509553,-8.071169,0.84048593,-18.028929,29.132992,28.480606,16.710379,-30.144896,-11.342359,0.033005938,32.39647,32.654564,-2.978219,12.572658,21.08073,-7.3797154,9.886795,4.222088,-20.605347,4.4467926,-18.41168,25.593718,10.470748,22.504768,6.5695972,-4.1205335,0.8860891,-11.643441,18.107525,-14.105459,12.364072,-2.353794,-16.950703,-11.086609,-18.373968,2.8774953,25.581432,-13.41269,-12.066289,3.0253685,10.46174,3.4196198,-5.089735,-6.638048,-31.374023,-14.655694,-4.3541827,-4.632842,4.1041274,-4.828392,-12.245581,5.926376,3.8422036,0.7602711,-16.53855,10.980722,-2.3744338,13.583514,-9.6432085,7.5858574,14.398801,7.280665,-12.67325,32.17918,4.9489775,5.3937464,2.6010811,19.975424,-13.485258,-7.9380608,13.222775,-25.109898,-2.1496105,-5.8119464,-11.471508,15.775464,4.7572713,0.51529795,-4.2572,13.846381,29.259306,11.750752,-4.2824674,26.267172,-5.009078,8.701943,17.712507,-6.3507643,4.5720706,24.64153,-5.0756273,-8.172888,14.404261,-13.143089,-23.975416,1.0
7.8335457,-41.263523,5.705274,-22.923538,22.87509,-10.829545,-6.8458924,-3.4020422,-8.084917,33.849136,38.056774,18.357351,-31.974766,-10.008559,5.8840394,44.430073,29.615303,-0.22634214,10.606427,26.08882,-5.038962,21.060505,22.588305,-13.2252865,10.410913,-5.462527,20.567905,12.799653,9.984041,4.800294,-0.36710855,-6.161818,-14.650868,27.219248,-9.718728,16.452888,3.5872328,-6.34478,-8.134499,-25.667255,15.886212,23.288914,-15.951679,-12.66132,-1.2881925,9.5111,9.591734,13.016909,-9.626513,-28.651335,-11.562535,-3.23331,-0.38172394,2.760975,-1.097365,-15.642664,7.140258,18.379213,2.670119,-17.980442,16.334433,-1.8144248,19.175722,-20.228075,15.343713,14.250241,19.730701,-15.253853,34.792076,7.4598227,9.510553,0.4365023,18.20373,-24.63555,-9.75068,2.3145065,-20.018633,3.724437,-18.813028,-10.840123,6.8475404,8.135556,4.9387794,-7.915915,19.895237,31.283031,14.857341,-8.020866,53.74333,7.5946894,14.524489,18.39315,-4.4953666,13.876057,48.045925,-9.476925,-13.045162,18.48347,-10.820157,-18.049301,1.0
10.461986,-12.972154,9.475684,-4.20555,17.720034,-8.446657,-2.2808259,-1.4165809,-14.997725,23.597313,26.393442,15.973593,-29.259407,-8.544155,10.215248,28.920807,24.421906,4.259572,5.513135,12.525953,-9.099855,18.134634,11.77972,-11.955581,7.8530126,-13.8495,19.913122,9.004866,22.65958,2.307507,-8.560561,-8.535786,-11.688325,19.674479,-3.2937,7.368008,0.17770395,-14.728144,2.300349,-16.036041,6.9836307,19.469334,-15.014907,-18.662786,5.968354,4.289427,-4.320706,0.96359223,-11.629349,-20.79643,-12.95039,-14.083771,-7.2946796,2.345749,-7.257435,-19.910828,6.166946,5.8641677,-4.230764,-16.7088,8.482304,-4.835345,12.411003,-11.386662,-0.6169683,11.118408,10.754694,-14.818102,31.51113,6.9565983,2.0836718,-0.56763196,22.478241,-18.556202,-10.604066,5.4699297,-23.0514,-8.782661,-6.237159,-13.301287,2.2309914,8.153953,-1.8667002,-17.165518,7.84617,16.292267,10.720449,10.912554,37.634552,-1.3418899,4.2169423,11.010721,-10.310313,2.6512976,26.93637,-1.889539,-13.955818,16.779835,-8.725034,-15.338169,1.0
5.8899016,-24.533516,20.502537,-17.919415,19.063269,-9.297462,3.4266732,-2.1044016,-8.588584,27.92554,30.260466,17.120373,-27.781271,-23.913269,0.72102696,34.072674,29.704193,-0.31524903,18.512592,10.804362,-18.716377,15.958496,11.135361,-12.206614,14.088444,-26.978811,23.985718,7.3352294,15.445691,5.6108913,-10.20429,-11.45369,-14.46698,19.257475,-5.8873734,9.211574,1.932472,-10.258689,-2.1209462,-15.631463,4.460758,20.027899,-13.704981,-15.014367,5.441189,0.8699089,6.343044,-0.9502969,-5.336731,-27.419436,-6.822332,-18.23668,-6.1603017,-4.2688985,-1.7844361,-27.918962,10.77039,7.9603415,9.492861,-29.126411,27.687035,-21.655107,20.626247,-10.455576,2.3759813,17.374369,24.366085,-3.7647634,34.628277,11.455619,19.792501,-0.17752296,12.912118,-20.635149,-11.090349,2.904899,-30.60186,-8.863559,-15.938837,-19.857407,12.0515,-0.50291115,-7.4392653,-14.42993,19.56751,28.203445,15.087325,1.349511,58.025566,-1.0131394,2.1406746,12.804347,-6.7657175,11.807191,31.165861,-6.8098683,-10.342023,12.924813,-10.747691,-27.958984,1.0
12.043696,-39.818745,14.4982395,-17.544735,17.513285,-14.049165,-7.1562023,-7.8738227,-14.2709875,39.029682,33.980156,30.823622,-48.246586,-20.732689,0.84478885,53.976017,48.24165,15.843672,20.925375,26.105158,-19.635683,16.33565,14.761932,-32.85933,9.041091,-29.459557,35.02701,18.385242,31.796522,8.64301,-20.896036,-1.3230536,-29.245922,33.950996,-9.911821,17.482624,8.392241,-17.488783,-5.759829,-23.327047,13.321793,29.614584,-13.815408,-19.863224,5.8209157,12.23556,3.279889,-3.7108965,-20.092365,-33.535774,-18.393713,-16.95403,-14.887696,-0.8414811,-7.579375,-30.620434,19.676731,5.8501363,-7.6323347,-25.527573,17.96571,-8.158114,38.60019,-7.8363233,-1.412797,21.393635,23.222866,-22.486616,51.875126,17.130827,10.818964,-6.4246125,27.705208,-33.34493,-24.837492,7.8879213,-53.182514,-5.613759,-12.305512,-24.072676,21.942814,3.6295292,4.4519563,-12.559335,20.014988,41.741695,20.239647,1.7614359,59.074448,-9.535903,2.861129,23.24165,-5.6511536,5.455665,46.06763,-8.006508,-21.083872,22.517567,-25.802763,-34.743946,1.0
7.471062,-24.320534,7.6673656,-9.202644,19.06295,-15.653561,-4.3161535,-6.801733,-2.7295244,24.301111,39.837982,15.021184,-29.541254,-11.000369,5.8741417,35.52137,27.789679,-1.871952,9.735214,12.527516,-10.33391,18.96358,19.622025,-16.471504,3.9965582,-6.3486814,20.607618,10.587199,13.787254,3.421971,-13.042318,-0.52707314,-13.16108,16.083725,1.9908742,4.5305705,5.184045,-7.0155087,-4.285757,-22.06068,8.633902,21.99566,-6.719609,-20.988033,-2.8941119,8.053097,9.758484,7.7501054,-16.673347,-33.548645,-6.5946054,-11.675825,-3.4493203,2.8116622,-7.972654,-20.208977,9.527887,6.673468,-1.478104,-17.281662,13.427256,-6.8414445,28.23859,-7.5970235,3.0575466,17.61771,14.803577,-17.164043,35.42944,7.2747583,7.284932,-2.7761254,20.161886,-18.135933,-11.417229,-5.393959,-23.584133,-5.20311,-3.6059859,-14.670099,2.3046432,6.975086,-1.3701005,-2.354746,17.423468,19.671396,14.12365,-0.28061485,42.423138,-1.8550947,1.3261739,12.081286,-2.3112798,-1.325368,27.47024,-5.6855736,-13.361047,15.948734,-10.7817,-9.108054,1.0
17.322748,-16.68795,0.5786694,-14.551499,15.248943,-8.189089,-0.31865826,-0.25464302,-10.557241,28.380867,30.253551,22.204216,-29.17422,-12.101833,2.6732817,29.451712,27.00893,0.50136006,5.1091924,15.580756,-10.490857,10.216943,15.193339,-17.837399,5.6758523,-20.631775,25.98501,8.925958,9.015082,-1.4448326,-11.982116,-11.498584,-20.303108,17.9479,-6.8902574,8.53514,6.1398506,-10.889223,-3.9372866,-17.250158,3.8119888,18.535872,-14.262692,-11.456205,7.3823624,3.1653697,8.25307,3.5071945,-11.837645,-17.675371,-17.375486,-12.280881,3.173247,-0.1686486,-9.585589,-21.450794,4.944252,8.507844,-1.2489017,-16.567406,12.458887,-4.035985,19.561205,-6.973502,-3.0342467,17.100218,16.688457,-14.308809,35.234566,6.1878514,1.648013,2.281786,21.027699,-21.334578,-17.386845,2.10002,-21.122019,-7.4938283,-12.349196,-14.896658,0.8663214,1.0002021,-7.496171,-12.694427,15.282319,19.539806,10.19986,10.330467,45.482708,1.4145238,-3.7962327,16.975698,-12.205339,3.0494816,32.12591,-1.4016154,-19.925327,15.826926,-16.138039,-13.422219,1.0
3.2192888,-20.206896,7.3965697,-21.140867,20.511473,-16.993658,-3.059773,-1.7021679,-11.767353,39.71076,38.49592,16.970219,-32.835075,-14.107827,-1.9186913,39.452,35.210663,-4.247197,10.653333,14.677839,-11.95678,10.556414,12.978776,-18.021357,5.903047,-15.00134,25.014229,13.706626,22.361351,3.4216015,-12.43865,-0.38124216,-14.832103,26.896788,-10.801691,7.07422,-3.8487978,-24.276363,-1.5058472,-20.634468,14.685059,23.267242,-17.805244,-17.486654,9.261067,6.677134,15.135209,0.11463064,-2.288801,-28.90906,-14.565739,-4.5148506,1.3182292,-0.15927525,-4.861132,-18.806112,13.574848,7.9694724,6.504593,-18.836462,17.351442,-4.4543447,12.416586,-11.18162,9.487227,23.348154,11.778708,-17.946138,33.439487,9.56768,11.43196,2.4669507,21.371534,-20.025297,-9.372471,9.966729,-22.603556,-14.106812,-11.837084,-12.034572,1.6912858,10.385612,-9.142706,-1.9078883,13.274533,35.48314,11.342053,-5.420184,42.36366,3.2424226,1.5679336,9.697398,-10.41546,9.923792,38.78566,-17.229136,-3.9379537,20.292742,-9.897517,-26.172096,1.0
1.9903464,-20.232985,5.423848,-6.4700007,18.124332,-6.7009106,5.18289,-8.041488,-3.4817595,33.006138,42.314835,20.354433,-33.758186,-9.320188,3.3645473,26.010221,31.229633,3.8898761,9.467692,17.40159,-13.35399,19.252003,18.57398,-21.321371,0.8554193,-13.813158,27.539522,8.079879,12.011703,-14.441841,-19.266283,-7.258122,-15.0266485,19.154148,4.405286,5.326082,3.8258739,-5.193908,0.84383106,-21.145094,10.286676,20.910786,-4.969077,-17.345224,-1.8112757,-5.299032,11.561185,8.179298,-21.673931,-18.079235,-9.452993,-16.342606,-1.3735604,6.568208,-5.4676933,-17.22731,9.893701,-0.40466014,2.9291651,-18.907871,13.736086,-7.0068316,16.664785,-15.034473,0.41193205,22.528078,11.374145,-10.84982,44.683605,10.184342,5.7221313,3.507924,28.50087,-17.360567,-8.014206,3.6054597,-29.820917,-10.473596,-8.308527,-16.372509,0.82568175,19.564112,1.6523508,-6.182798,12.522357,25.60321,20.429827,6.056138,36.784733,5.284699,0.018328875,17.636662,-3.3917737,-0.22682893,32.245373,0.13106996,-12.407073,13.318216,-8.847794,-15.968346,1.0
12.302195,-24.428373,2.3529584,-16.377357,17.51725,-7.0248575,-4.8683977,-10.284806,-15.850437,36.236668,47.558163,26.971859,-46.104424,-14.611934,-0.19172741,43.667538,24.839622,6.9626245,9.105315,11.131813,-12.410018,14.090891,14.173408,-18.54464,9.713282,-13.7294035,22.47718,12.4057,13.541219,2.3414927,-7.2628317,-11.670072,-21.217466,21.775974,3.8082492,13.755695,2.5711012,-20.407784,-6.304668,-24.743599,2.9489858,24.519142,-12.117945,-12.320018,6.352087,3.518817,3.925697,12.255252,-11.691691,-26.425816,-13.518849,-13.713658,4.0277205,12.077599,-12.946329,-15.593892,2.7356992,13.491258,-4.7339787,-23.912525,11.193443,-8.970835,19.694284,-7.143814,6.61847,19.266972,15.523773,-13.828508,43.93784,3.1211061,6.651521,-3.7687032,28.94046,-20.950788,-5.7006707,8.199865,-31.494005,-8.216577,-3.9752533,-15.701157,3.1485772,10.659347,-2.3268852,-16.034836,21.015648,27.17254,17.739346,10.319021,50.78769,-3.955829,17.941399,18.3674,-2.7587397,5.8522897,36.279755,0.64188707,-15.340963,25.306393,-15.441469,-16.011614,1.0
-3.7230585,-19.079706,12.286758,-8.915668,12.018803,-9.687962,-3.658826,-2.3597066,-4.2928567,31.617077,31.59289,14.00888,-24.967432,-10.012798,-2.398879,22.648947,21.533152,-1.5307059,7.8433623,23.191206,-6.2929254,12.278923,15.758922,-13.231308,8.231328,-9.312509,20.51171,9.493691,11.918216,3.0123544,-7.4472437,-0.88557976,-5.541911,13.86157,-8.54154,4.5932264,2.5074058,-9.599175,-1.4179631,-11.050464,10.509449,12.1946335,-9.703981,-11.188848,1.705898,2.051598,2.6375206,6.8988256,-7.8007026,-19.73029,-10.351674,-5.4436994,-2.2155652,2.7038238,-5.6727533,-14.541043,10.881597,4.075076,2.938119,-13.044527,14.534266,-2.4983046,9.862411,-5.627084,6.809963,13.558431,9.243641,-14.163906,21.589458,13.152281,9.766411,2.518409,19.966665,-9.287867,-5.0495615,7.4345875,-19.837896,-3.7219446,-0.017219983,-9.223139,1.129219,7.9900937,-2.818775,0.6008637,4.3827224,27.136711,12.526162,-5.554199,25.377798,1.132667,-2.198775,14.823302,-4.1967597,3.969889,26.806412,-13.342978,-1.9347458,12.436211,-3.8440921,-23.224798,1.0
9.102573,-25.317665,9.376812,-4.80295,8.186085,-12.995344,-4.6245933,5.759086,-5.082298,25.133488,33.866024,12.789779,-38.12421,-7.689506,4.025385,33.15577,31.058123,12.514077,9.476035,19.165583,-16.04971,14.849086,11.9343195,-13.311729,0.97420985,-11.052485,25.120949,11.608844,10.201646,0.17554197,-8.687648,-10.787151,-10.359574,21.411785,-6.335824,9.904524,6.4055123,-6.7132773,2.1777456,-17.483253,7.618323,17.889154,-14.990361,-9.375238,8.574925,6.214273,1.109829,-3.9794018,-8.660316,-26.851633,-12.91948,-11.422173,3.8676777,1.002943,-4.126046,-18.292685,6.7120876,5.9828167,5.4661226,-17.112375,6.8274164,-0.4038621,12.705461,-8.60313,-2.6541626,14.309751,7.695829,-8.809536,34.513012,12.399434,5.8391104,-1.0242817,20.35253,-19.883726,-5.0592313,10.711285,-18.963345,-10.6732,-7.5634623,-10.699767,2.4127336,7.4077196,-8.471884,0.38820845,16.608004,25.551262,14.647773,5.6638722,34.11486,4.5021315,6.4822316,26.259157,-3.882278,2.173012,29.361078,-1.016407,-9.028453,10.209995,-9.462567,-17.994541,1.0
